UniqueId,ValCarrier,AirV,JourneyType,Pax_A_BaseFare,Pax_A_Taxes,Origin,Destination,Camp_ID,OfferType,ValidFromDate,ValidToDate,Status,ModifiedBy,OperatingCarrierCode,FltNum,SerialId,D_AirportCode,D_AirportCityCode,D_Terminal,D_AirportCountryCode,D_Time,D_DateTimeStamp,A_AirportCode,A_AirportCityCode,A_AirportCountryCode,A_Terminal,A_Time,A_DateTimeStamp,EquipType,IsNextDayCount,IsReturn,BaggageInfo
999,AY,AY,1,1234,1,LHR,KIN,TJ_MMD,CALL,01/01/2019 00:00,01/01/2050 00:00,FALSE,AdminSup,AA,AY,1,MIA,MCO,N,US,18:20,T18:20:00.00002:00,LHR,LON,GB,8,09:18,T09:18:00.0001:00,122,1,TRUE,1 Pcs included
100,TP,TP,1,13456,1,LHR,LIS,TJAPP,CALL,01/01/2041 00:00,01/01/2050 00:00,TRUE,AdminSup,,1357,1,LHR,LON,2,GB,18:45,T18:45:00.000+01:00,LIS,LIS,PT,1D,21:25,T21:25:00.000+01:00,N,0,FALSE,0 Pcs included
100,TP,TP,1,13456,1,LHR,LIS,TJAPP,CALL,01/01/2041 00:00,01/01/2050 00:00,TRUE,AdminSup,TRUE,1954,2,LIS,LIS,N,PT,14:35,T14:35:00.000+01:00,OPO,OPO,PT,1D,15:30,T15:30:00.000+01:00,N,0,TRUE,2 BAGS Pcs included
100,TP,TP,1,13456,1,LHR,LIS,TJAPP,CALL,01/01/2041 00:00,01/01/2050 00:00,TRUE,AdminSup,TRUE,1370,3,OPO,OPO,N,PT,19:15,T19:15:00.000+01:00,LHR,LON,GB,1D,22:00,T22:00:00.000+01:00,N,0,TRUE,0 Pcs included
94,TP,TP,1,269,1,LHR,LIS,TJAPP,CALL,01/01/2019 00:00,01/01/2050 00:00,TRUE,Faisal,,1357,1,LHR,LON,2,GB,18:30,T18:30:00.000+01:00,LIS,LIS,PT,1D,21:05,T21:05:00.000+01:00,N,0,FALSE,0 Pcs included
94,TP,TP,1,269,1,LHR,LIS,TJAPP,CALL,01/01/2019 00:00,01/01/2050 00:00,TRUE,Faisal,,1338,2,LIS,LIS,1,PT,07:10,T07:10:00.000+01:00,LHR,LON,GB,1D,09:50,T09:50:00.000+01:00,N,0,TRUE,0 Pcs included
93,SN,SN,1,860,5,LHR,EBB,TJ_MMD,CALL,01/01/2019 00:00,01/01/2050 00:00,TRUE,Faisal,TRUE,2104,1,LHR,LON,2,GB,06:50,T06:50:00.000+01:00,BRU,BRU,BE,N,08:55,T08:55:00.000+02:00,320,0,FALSE,1 Pcs included
93,SN,SN,1,860,5,LHR,EBB,TJ_MMD,CALL,01/01/2019 00:00,01/01/2050 00:00,TRUE,Faisal,TRUE,465,2,BRU,BRU,N,BE,10:15,T10:15:00.000+01:00,EBB,EBB,UG,N,22:50,T22:50:00.000+02:00,320,0,FALSE,1 Pcs included
93,SN,SN,1,860,5,LHR,EBB,TJ_MMD,CALL,01/01/2019 00:00,01/01/2050 00:00,TRUE,Faisal,TRUE,467,3,EBB,EBB,N,UG,23:59,T23:59:00.000+01:00,BRU,BRU,BE,N,06:30,T06:30:00.000+01:00,333,1,TRUE,1 Pcs included
93,SN,SN,1,860,5,LHR,EBB,TJ_MMD,CALL,01/01/2019 00:00,01/01/2050 00:00,TRUE,Faisal,,2093,4,BRU,BRU,N,BE,09:40,T09:40:00.000+01:00,LHR,LON,GB,2,10:05,T10:05:00.000+01:00,320,0,TRUE,1 Pcs included
92,TP,TP,1,651,0,LHR,LAD,TJ_MMD,CALL,01/01/2019 00:00,01/01/2050 00:00,TRUE,Faisal,TRUE,1351,1,LHR,LON,2,GB,08:15,T08:15:00.000+01:00,LIS,LIS,PT,1,10:55,T10:55:00.000+00:00,320,0,FALSE,0 Pcs included
92,TP,TP,1,651,0,LHR,LAD,TJ_MMD,CALL,01/01/2019 00:00,01/01/2050 00:00,TRUE,Faisal,TRUE,287,2,LIS,LIS,1,PT,12:05,T12:05:00.000+00:00,LAD,LAD,AO,N,20:45,T20:45:00.000+00:00,320,0,FALSE,0 Pcs included
92,TP,TP,1,651,0,LHR,LAD,TJ_MMD,CALL,01/01/2019 00:00,01/01/2050 00:00,TRUE,Faisal,TRUE,286,3,LAD,LAD,N,AO,22:35,T22:35:00.000+00:00,LIS,LIS,PT,1,05:30,T05:30:00.000+00:00,320,0,TRUE,0 Pcs included
92,TP,TP,1,651,0,LHR,LAD,TJ_MMD,CALL,01/01/2019 00:00,01/01/2050 00:00,TRUE,Faisal,TRUE,1354,4,LIS,LIS,1,PT,08:30,T08:30:00.000+00:00,LGW,LON,GB,2,11:25,T11:25:00.000+01:00,320,0,TRUE,0 Pcs included
91,TP,TP,1,560,0,LHR,LAD,TJ_MMD,CALL,01/01/2019 00:00,01/01/2050 00:00,TRUE,Faisal,TRUE,1363,1,LHR,LON,2,GB,06:00,T06:00:00.000+01:00,LIS,LIS,PT,1,08;35,T08;35:00.000+00:00,320,0,FALSE,0 Pcs included
91,TP,TP,1,560,0,LHR,LAD,TJ_MMD,CALL,01/01/2019 00:00,01/01/2050 00:00,TRUE,Faisal,TRUE,287,2,LIS,LIS,1,PT,12:05,T12:05:00.000+00:00,LAD,LAD,AO,N,20:45,T20:45:00.000+00:00,320,0,FALSE,0 Pcs included
91,TP,TP,1,560,0,LHR,LAD,TJ_MMD,CALL,01/01/2019 00:00,01/01/2050 00:00,TRUE,Faisal,TRUE,288,3,LAD,LAD,N,AO,09:35,T09:35:00.000+00:00,LIS,LIS,PT,1,16:30,T16:30:00.000+00:00,320,0,TRUE,0 Pcs included
91,TP,TP,1,560,0,LHR,LAD,TJ_MMD,CALL,01/01/2019 00:00,01/01/2050 00:00,TRUE,Faisal,TRUE,1358,4,LIS,LIS,1,PT,18:50,T18:50:00.000+00:00,LGW,LON,GB,2,21:35,T21:35:00.000+01:00,320,0,TRUE,0 Pcs included
90,TP,TP,1,632,0,LHR,ABJ,TJ_MMD,CALL,01/01/2019 00:00,01/01/2050 00:00,TRUE,Faisal,TRUE,1363,1,LHR,LON,2,GB,06:00,T06:00:00.000+01:00,LIS,LIS,PT,1,08;35,T08;35:00.000+00:00,320,0,FALSE,0 Pcs included
90,TP,TP,1,632,0,LHR,ABJ,TJ_MMD,CALL,01/01/2019 00:00,01/01/2050 00:00,TRUE,Faisal,TRUE,1507,2,LIS,LIS,1,PT,10:00,T10:00:00.000+00:00,ABJ,ABJ,CI,N,15:15,T15:15:00.000+00:00,320,0,FALSE,0 Pcs included
90,TP,TP,1,632,0,LHR,ABJ,TJ_MMD,CALL,01/01/2019 00:00,01/01/2050 00:00,TRUE,Faisal,TRUE,1510,3,ABJ,ABJ,N,CI,00:15,T00:15:00.000+00:00,LIS,LIS,PT,1,05:35,T05:35:00.000+00:00,320,0,TRUE,0 Pcs included
90,TP,TP,1,632,0,LHR,ABJ,TJ_MMD,CALL,01/01/2019 00:00,01/01/2050 00:00,TRUE,Faisal,TRUE,1336,4,LIS,LIS,1,PT,13:05,T13:05:00.000+00:00,LGW,LON,GB,N,15:45,T15:45:00.000+01:00,320,0,TRUE,0 Pcs included
89,TP,TP,1,887,0,LHR,GIG,TJ_MMD,CALL,01/01/2019 00:00,01/01/2050 00:00,TRUE,Faisal,TRUE,1369,1,LHR,LON,2,GB,19:55,T19:55:00.000+01:00,LIS,LIS,PT,1,22:30,T22:30:00.000+00:00,320,0,FALSE,0 Pcs included
89,TP,TP,1,887,0,LHR,GIG,TJ_MMD,CALL,01/01/2019 00:00,01/01/2050 00:00,TRUE,Faisal,TRUE,75,2,LIS,LIS,1,PT,23:30,T23:30:00.000+00:00,GIG,GIG,BR,2,06:30,T06:30:00.000+00:00,320,1,FALSE,0 Pcs included
89,TP,TP,1,887,0,LHR,GIG,TJ_MMD,CALL,01/01/2019 00:00,01/01/2050 00:00,TRUE,Faisal,TRUE,74,3,GIG,GIG,2,BR,17:10,T17:10:00.000+00:00,LIS,LIS,PT,1,05:40,T05:40:00.000+00:00,320,1,TRUE,0 Pcs included
89,TP,TP,1,887,0,LHR,GIG,TJ_MMD,CALL,01/01/2019 00:00,01/01/2050 00:00,TRUE,Faisal,TRUE,1338,4,LIS,LIS,1,PT,07:10,T07:10:00.000+00:00,LGW,LON,GB,N,09:50,T09:50:00.000+01:00,320,0,TRUE,0 Pcs included
88,SN,SN,1,827,0,MAN,ACC,TJ_MMD,CALL,01/01/2019 00:00,01/01/2050 00:00,TRUE,Faisal,TRUE,2184,1,MAN,MAN,1,GB,06:10,T06:10:00.000+01:00,BRU,BRU,BE,N,08:30,T08:30:00.000+00:00,320,0,FALSE,0 Pcs included
88,SN,SN,1,827,0,MAN,ACC,TJ_MMD,CALL,01/01/2019 00:00,01/01/2050 00:00,TRUE,Faisal,TRUE,289,2,BRU,BRU,N,BE,11:10,T11:10:00.000+00:00,ACC,ACC,GH,3,16:55,T16:55:00.000+00:00,320,0,FALSE,0 Pcs included
88,SN,SN,1,827,0,MAN,ACC,TJ_MMD,CALL,01/01/2019 00:00,01/01/2050 00:00,TRUE,Faisal,TRUE,278,3,ACC,ACC,3,GH,23:20,T23:20:00.000+00:00,BRU,BRU,BE,N,07:00,T07:00:00.000+00:00,320,1,TRUE,0 Pcs included
88,SN,SN,1,827,0,MAN,ACC,TJ_MMD,CALL,01/01/2019 00:00,01/01/2050 00:00,TRUE,Faisal,TRUE,173,4,BRU,BRU,N,BE,09:55,T09:55:00.000+00:00,MAN,MAN,GB,1,10:20,T10:20:00.000+01:00,320,0,TRUE,0 Pcs included
87,SN,SN,1,905,0,LHR,ACC,TJ_MMD,CALL,01/01/2019 00:00,01/01/2050 00:00,TRUE,Faisal,TRUE,2104,1,LHR,LON,2,GB,06:50,T06:50:00.000+01:00,BRU,BRU,BE,N,08:55,T08:55:00.000+00:00,320,0,FALSE,0 Pcs included
87,SN,SN,1,905,0,LHR,ACC,TJ_MMD,CALL,01/01/2019 00:00,01/01/2050 00:00,TRUE,Faisal,TRUE,277,2,BRU,BRU,N,BE,11:10,T11:10:00.000+00:00,ACC,ACC,GH,3,16:55,T16:55:00.000+00:00,320,0,FALSE,0 Pcs included
87,SN,SN,1,905,0,LHR,ACC,TJ_MMD,CALL,01/01/2019 00:00,01/01/2050 00:00,TRUE,Faisal,TRUE,278,3,ACC,ACC,3,GH,23:20,T23:20:00.000+00:00,BRU,BRU,BE,N,07:00,T07:00:00.000+00:00,320,1,TRUE,0 Pcs included
87,SN,SN,1,905,0,LHR,ACC,TJ_MMD,CALL,01/01/2019 00:00,01/01/2050 00:00,TRUE,Faisal,TRUE,2093,4,BRU,BRU,N,BE,09:40,T09:40:00.000+00:00,LHR,LON,GB,2,10:05,T10:05:00.000+01:00,320,0,TRUE,0 Pcs included
86,TP,TP,1,700,0,LHR,BJL,TJ_MMD,CALL,01/01/2019 00:00,01/01/2050 00:00,TRUE,Faisal,TRUE,1361,1,LHR,LON,2,GB,16:30,T16:30:00.000+01:00,LIS,LIS,PT,1,19:10,T19:10:00.000+00:00,320,0,FALSE,0 Pcs included
86,TP,TP,1,700,0,LHR,BJL,TJ_MMD,CALL,01/01/2019 00:00,01/01/2050 00:00,TRUE,Faisal,TRUE,1496,2,LIS,LIS,1,PT,20:55,T20:55:00.000+00:00,BJL,BJL,GM,N,01:10,T01:10:00.000+00:00,320,1,FALSE,0 Pcs included
86,TP,TP,1,700,0,LHR,BJL,TJ_MMD,CALL,01/01/2019 00:00,01/01/2050 00:00,TRUE,Faisal,TRUE,1497,3,BJL,BJL,N,GM,02:05,T02:05:00.000+00:00,LIS,LIS,PT,1,06:05,T06:05:00.000+00:00,320,0,TRUE,0 Pcs included
86,TP,TP,1,700,0,LHR,BJL,TJ_MMD,CALL,01/01/2019 00:00,01/01/2050 00:00,TRUE,Faisal,TRUE,1338,4,LIS,LIS,1,PT,07:10,T07:10:00.000+00:00,LGW,LON,GB,2,09:50,T09:50:00.000+01:00,320,0,TRUE,0 Pcs included
85,TP,TP,1,700,0,LHR,BJL,TJ_MMD,CALL,01/01/2019 00:00,01/01/2050 00:00,TRUE,Faisal,TRUE,1361,1,LHR,LON,N,GB,12:25,T12:25:00.000+01:00,LIS,LIS,PT,N,15:10,T15:10:00.000+00:00,320,0,FALSE,0 Pcs included
85,TP,TP,1,700,0,LHR,BJL,TJ_MMD,CALL,01/01/2019 00:00,01/01/2050 00:00,TRUE,Faisal,TRUE,1496,2,LIS,LIS,N,PT,20:55,T20:55:00.000+01:00,BJL,BJL,GM,N,01:10,T01:10:00.000+00:00,320,1,FALSE,0 Pcs included
85,TP,TP,1,700,0,LHR,BJL,TJ_MMD,CALL,01/01/2019 00:00,01/01/2050 00:00,TRUE,Faisal,TRUE,1497,3,BJL,BJL,N,GM,02:05,T02:05:00.000+01:00,LIS,LIS,PT,N,06:05,T06:05:00.000+00:00,320,0,TRUE,0 Pcs included
85,TP,TP,1,700,0,LHR,BJL,TJ_MMD,CALL,01/01/2019 00:00,01/01/2050 00:00,TRUE,Faisal,TRUE,1352,4,LIS,LIS,N,PT,08:30,T08:30:00.000+01:00,LHR,LON,GB,N,11:25,T11:25:00.000+00:00,320,0,TRUE,0 Pcs included
84,TP,TP,1,851,0,LHR,ACC,TJ_MMD,CALL,01/01/2019 00:00,01/01/2050 00:00,TRUE,Faisal,TRUE,1351,1,LHR,LON,2,GB,06:00,T06:00:00.000+01:00,LIS,LIS,PT,1,08:35,T08:35:00.000+00:00,320,0,FALSE,0 Pcs included
84,TP,TP,1,851,0,LHR,ACC,TJ_MMD,CALL,01/01/2019 00:00,01/01/2050 00:00,TRUE,Faisal,TRUE,1485,2,LIS,LIS,1,PT,10:00,T10:00:00.000+00:00,ACC,ACC,SN,0,15:35,T15:35:00.000+00:00,320,1,FALSE,0 Pcs included
84,TP,TP,1,851,0,LHR,ACC,TJ_MMD,CALL,01/01/2019 00:00,01/01/2050 00:00,TRUE,Faisal,TRUE,1486,3,ACC,ACC,N,SN,23:35,T23:35:00.000+00:00,LIS,LIS,PT,1,05:15,T05:15:00.000+00:00,320,0,TRUE,0 Pcs included
84,TP,TP,1,851,0,LHR,ACC,TJ_MMD,CALL,01/01/2019 00:00,01/01/2050 00:00,TRUE,Faisal,TRUE,1366,4,LIS,LIS,1,PT,07:00,T07:00:00.000+00:00,LGW,LON,GB,2,09:50,T09:50:00.000+01:00,320,0,TRUE,0 Pcs included
83,LH,LH,1,730,0,LHR,CMH,TJ_MMD,CALL,01/01/2019 00:00,01/01/2050 00:00,TRUE,Faisal,UA,9260,1,LHR,LON,N,GB,10:25,T10:25:00.000+01:00,EWR,EWR,US,N,13:10,T13:10:00.000-05:00,787,0,FALSE,0 Pcs included
83,LH,LH,1,730,0,LHR,CMH,TJ_MMD,CALL,01/01/2019 00:00,01/01/2050 00:00,TRUE,Faisal,UA,9046,2,EWR,EWR,N,US,19:00,T19:00:00.000-04:00,CMH,CMH,US,N,20:59,T20:59:00.000-04:00,E70,0,FALSE,0 Pcs included
83,LH,LH,1,730,0,LHR,CMH,TJ_MMD,CALL,01/01/2019 00:00,01/01/2050 00:00,TRUE,Faisal,UA,7557,3,CMH,CMH,N,US,12:30,T12:30:00.000-04:00,ORD,ORD,US,N,12:57,T12:57:00.000-04:00,CR5,0,TRUE,0 Pcs included
83,LH,LH,1,730,0,LHR,CMH,TJ_MMD,CALL,01/01/2019 00:00,01/01/2050 00:00,TRUE,Faisal,UA,7626,4,ORD,ORD,N,US,18:10,T18:10:00.000-04:00,LHR,LON,GB,N,07:40,T07:40:00.000+01:00,787,1,TRUE,0 Pcs included
82,LH,LH,1,1001,0,LHR,RDU,TJ_MMD,CALL,01/01/2019 00:00,01/01/2050 00:00,TRUE,Faisal,UA,9356,1,LHR,LON,5,GB,10:35,T10:35:00.000+01:00,ORD,ORD,US,D,13:40,T13:40:00.000-05:00,789,0,FALSE,0 Pcs included
82,LH,LH,1,1001,0,LHR,RDU,TJ_MMD,CALL,01/01/2019 00:00,01/01/2050 00:00,TRUE,Faisal,UA,7912,2,ORD,ORD,N,US,15:50,T15:50:00.000-04:00,RDU,RDU,US,N,17:17,T17:17:00.000-04:00,738,0,FALSE,0 Pcs included
82,LH,LH,1,1001,0,LHR,RDU,TJ_MMD,CALL,01/01/2019 00:00,01/01/2050 00:00,TRUE,Faisal,UA,8535,3,RDU,RDU,N,US,18:27,T18:27:00.000-04:00,ORD,ORD,GB,N,20:10,T20:10:00.000-04:00,CR7,0,TRUE,0 Pcs included
82,LH,LH,1,1001,0,LHR,RDU,TJ_MMD,CALL,01/01/2019 00:00,01/01/2050 00:00,TRUE,Faisal,UA,9357,4,ORD,ORD,3,US,21:15,T21:15:00.000-04:00,LHR,LON,GB,5,11:20,T11:20:00.000+01:00,788,1,TRUE,0 Pcs included
81,AY,AY,1,1001,0,LHR,RDU,TJ_MMD,CALL,01/01/2019 00:00,01/01/2050 00:00,TRUE,Faisal,AA,5493,1,LHR,LON,5,GB,12:50,T12:50:00.000+01:00,DFW,DFW,US,D,16:55,T16:55:00.000-05:00,789,0,FALSE,0 Pcs included
81,AY,AY,1,1001,0,LHR,RDU,TJ_MMD,CALL,01/01/2019 00:00,01/01/2050 00:00,TRUE,Faisal,AA,4825,2,DFW,DFW,N,US,19:30,T19:30:00.000-04:00,RDU,RDU,US,N,23:13,T23:13:00.000-04:00,738,0,FALSE,0 Pcs included
81,AY,AY,1,1001,0,LHR,RDU,TJ_MMD,CALL,01/01/2019 00:00,01/01/2050 00:00,TRUE,Faisal,AA,6622,3,RDU,RDU,N,US,15:05,T15:05:00.000-04:00,MIA,MIA,US,N,17:10,T17:10:00.000-04:00,CR7,0,TRUE,0 Pcs included
81,AY,AY,1,1001,0,LHR,RDU,TJ_MMD,CALL,01/01/2019 00:00,01/01/2050 00:00,TRUE,Faisal,AA,4028,4,MIA,MIA,3,US,19:10,T19:10:00.000-04:00,LHR,LON,GB,5,08:55,T08:55:00.000+01:00,788,1,TRUE,0 Pcs included
80,AY,AY,1,1001,0,LHR,RDU,TJ_MMD,CALL,01/01/2019 00:00,01/01/2050 00:00,TRUE,Faisal,AA,4034,1,LHR,LON,5,GB,12:50,T12:50:00.000+01:00,DFW,DFW,US,D,15:00,T15:00:00.000-05:00,789,0,FALSE,0 Pcs included
80,AY,AY,1,1001,0,LHR,RDU,TJ_MMD,CALL,01/01/2019 00:00,01/01/2050 00:00,TRUE,Faisal,AA,4825,2,DFW,DFW,N,US,19:30,T19:30:00.000-04:00,RDU,RDU,US,N,23:13,T23:13:00.000-04:00,738,0,FALSE,0 Pcs included
80,AY,AY,1,1001,0,LHR,RDU,TJ_MMD,CALL,01/01/2019 00:00,01/01/2050 00:00,TRUE,Faisal,AA,6622,3,RDU,RDU,N,US,15:05,T15:05:00.000-04:00,MIA,MIA,US,N,17:10,T17:10:00.000-04:00,CR7,0,TRUE,0 Pcs included
80,AY,AY,1,1001,0,LHR,RDU,TJ_MMD,CALL,01/01/2019 00:00,01/01/2050 00:00,TRUE,Faisal,AA,4028,4,MIA,MIA,3,US,19:10,T19:10:00.000-04:00,LHR,LON,GB,5,08:55,T08:55:00.000+01:00,788,1,TRUE,0 Pcs included
79,AY,AY,1,1001,0,LHR,RDU,TJ_MMD,CALL,01/01/2019 00:00,01/01/2050 00:00,TRUE,Faisal,AA,4034,1,LHR,LON,5,GB,11:00,T11:00:00.000+01:00,DFW,DFW,US,D,15:00,T15:00:00.000-05:00,789,0,FALSE,0 Pcs included
79,AY,AY,1,1001,0,LHR,RDU,TJ_MMD,CALL,01/01/2019 00:00,01/01/2050 00:00,TRUE,Faisal,AA,5087,2,DFW,DFW,N,US,16:44,T16:44:00.000-04:00,RDU,RDU,US,N,20:27,T20:27:00.000-04:00,738,0,FALSE,0 Pcs included
79,AY,AY,1,1001,0,LHR,RDU,TJ_MMD,CALL,01/01/2019 00:00,01/01/2050 00:00,TRUE,Faisal,AA,15:05,3,RDU,RDU,N,US,15:05,T15:05:00.000-04:00,MIA,MIA,GB,N,17:10,T17:10:00.000-04:00,CR7,0,TRUE,0 Pcs included
79,AY,AY,1,1001,0,LHR,RDU,TJ_MMD,CALL,01/01/2019 00:00,01/01/2050 00:00,TRUE,Faisal,AA,4028,4,MIA,MIA,3,US,19:10,T19:10:00.000-04:00,LHR,LON,GB,5,08:55,T08:55:00.000+01:00,788,1,TRUE,0 Pcs included
78,AY,AY,1,1001,0,LHR,RDU,TJ_MMD,CALL,01/01/2019 00:00,01/01/2050 00:00,TRUE,Faisal,AA,3043,1,LHR,LON,5,GB,12:40,T12:40:00.000+01:00,PHL,PHL,US,D,15:35,T15:35:00.000-05:00,789,0,FALSE,0 Pcs included
78,AY,AY,1,1001,0,LHR,RDU,TJ_MMD,CALL,01/01/2019 00:00,01/01/2050 00:00,TRUE,Faisal,AA,6265,2,PHL,PHL,N,US,09:55,T09:55:00.000-04:00,RDU,RDU,US,N,11:24,T11:24:00.000-04:00,738,0,FALSE,0 Pcs included
78,AY,AY,1,1001,0,LHR,RDU,TJ_MMD,CALL,01/01/2019 00:00,01/01/2050 00:00,TRUE,Faisal,AA,4008,3,RDU,RDU,N,US,12:20,T12:20:00.000-04:00,ORD,ORD,GB,N,13:41,T13:41:00.000-04:00,CR7,0,TRUE,0 Pcs included
78,AY,AY,1,1001,0,LHR,RDU,TJ_MMD,CALL,01/01/2019 00:00,01/01/2050 00:00,TRUE,Faisal,AA,5897,4,ORD,ORD,3,US,16:55,T16:55:00.000-04:00,LHR,LON,GB,5,06:25,T06:25:00.000+01:00,788,1,TRUE,0 Pcs included
77,LH,LH,1,800,0,LHR,BNA,TJ_MMD,CALL,01/01/2019 00:00,01/01/2050 00:00,TRUE,Faisal,UA,9356,1,LHR,LON,5,GB,10:35,T10:35:00.000+01:00,ORD,ORD,US,D,17:55,T17:55:00.000-05:00,789,0,FALSE,0 Pcs included
77,LH,LH,1,800,0,LHR,BNA,TJ_MMD,CALL,01/01/2019 00:00,01/01/2050 00:00,TRUE,Faisal,UA,7912,2,ORD,ORD,N,US,15:50,T15:50:00.000-04:00,BNA,BNA,US,N,21:07,T21:07:00.000-04:00,738,0,FALSE,0 Pcs included
77,LH,LH,1,800,0,LHR,BNA,TJ_MMD,CALL,01/01/2019 00:00,01/01/2050 00:00,TRUE,Faisal,UA,8537,3,BNA,BNA,N,US,18:27,T18:27:00.000-04:00,ORD,ORD,GB,N,20:10,T20:10:00.000-04:00,CR7,0,TRUE,0 Pcs included
77,LH,LH,1,800,0,LHR,BNA,TJ_MMD,CALL,01/01/2019 00:00,01/01/2050 00:00,TRUE,Faisal,UA,9355,4,ORD,ORD,3,US,21:15,T21:15:00.000-04:00,LHR,LON,GB,5,11:20,T11:20:00.000+01:00,788,1,TRUE,0 Pcs included
76,LH,LH,1,800,0,LHR,BNA,TJ_MMD,CALL,01/01/2019 00:00,01/01/2050 00:00,TRUE,Faisal,UA,9356,1,LHR,LON,5,GB,10:35,T10:35:00.000+01:00,ORD,ORD,US,D,17:55,T17:55:00.000-05:00,789,0,FALSE,0 Pcs included
76,LH,LH,1,800,0,LHR,BNA,TJ_MMD,CALL,01/01/2019 00:00,01/01/2050 00:00,TRUE,Faisal,UA,7912,2,ORD,ORD,N,US,15:50,T15:50:00.000-04:00,BNA,BNA,US,N,21:07,T21:07:00.000-04:00,738,0,FALSE,0 Pcs included
76,LH,LH,1,800,0,LHR,BNA,TJ_MMD,CALL,01/01/2019 00:00,01/01/2050 00:00,TRUE,Faisal,UA,8537,3,BNA,BNA,N,US,18:27,T18:27:00.000-04:00,ORD,ORD,GB,N,20:10,T20:10:00.000-04:00,CR7,0,TRUE,0 Pcs included
76,LH,LH,1,800,0,LHR,BNA,TJ_MMD,CALL,01/01/2019 00:00,01/01/2050 00:00,TRUE,Faisal,UA,9355,4,ORD,ORD,3,US,21:15,T21:15:00.000-04:00,LHR,LON,GB,5,11:20,T11:20:00.000+01:00,788,1,TRUE,0 Pcs included
75,LH,LH,1,800,0,LHR,BNA,TJ_MMD,CALL,01/01/2019 00:00,01/01/2050 00:00,TRUE,Faisal,UA,9356,1,LHR,LON,5,GB,10:35,T10:35:00.000+01:00,ORD,ORD,US,D,13:40,T13:40:00.000-05:00,789,0,FALSE,0 Pcs included
75,LH,LH,1,800,0,LHR,BNA,TJ_MMD,CALL,01/01/2019 00:00,01/01/2050 00:00,TRUE,Faisal,UA,7912,2,ORD,ORD,N,US,15:50,T15:50:00.000-04:00,BNA,BNA,US,N,17:17,T17:17:00.000-04:00,738,0,FALSE,0 Pcs included
75,LH,LH,1,800,0,LHR,BNA,TJ_MMD,CALL,01/01/2019 00:00,01/01/2050 00:00,TRUE,Faisal,UA,8535,3,BNA,BNA,N,US,18:27,T18:27:00.000-04:00,ORD,ORD,GB,N,20:10,T20:10:00.000-04:00,CR7,0,TRUE,0 Pcs included
75,LH,LH,1,800,0,LHR,BNA,TJ_MMD,CALL,01/01/2019 00:00,01/01/2050 00:00,TRUE,Faisal,UA,9357,4,ORD,ORD,3,US,21:15,T21:15:00.000-04:00,LHR,LON,GB,5,11:20,T11:20:00.000+01:00,788,1,TRUE,0 Pcs included
74,LH,LH,1,800,0,LHR,BNA,TJ_MMD,CALL,01/01/2019 00:00,01/01/2050 00:00,TRUE,Faisal,UA,9348,1,LHR,LON,5,GB,14:50,T14:50:00.000+01:00,ORD,ORD,US,D,17:55,T17:55:00.000-05:00,789,0,FALSE,0 Pcs included
74,LH,LH,1,800,0,LHR,BNA,TJ_MMD,CALL,01/01/2019 00:00,01/01/2050 00:00,TRUE,Faisal,UA,7948,2,ORD,ORD,N,US,19:33,T19:33:00.000-04:00,BNA,BNA,US,N,21:04,T21:04:00.000-04:00,738,0,FALSE,0 Pcs included
74,LH,LH,1,800,0,LHR,BNA,TJ_MMD,CALL,01/01/2019 00:00,01/01/2050 00:00,TRUE,Faisal,UA,8537,3,BNA,BNA,N,US,12:55,T12:55:00.000-04:00,ORD,ORD,GB,N,14:43,T14:43:00.000-04:00,CR7,0,TRUE,0 Pcs included
74,LH,LH,1,800,0,LHR,BNA,TJ_MMD,CALL,01/01/2019 00:00,01/01/2050 00:00,TRUE,Faisal,UA,9355,4,ORD,ORD,3,US,16:05,T16:05:00.000-04:00,LHR,LON,GB,5,05:55,T05:55:00.000+01:00,788,1,TRUE,0 Pcs included
73,AY,AY,1,735,0,LHR,BNA,TJ_MMD,CALL,01/01/2019 00:00,01/01/2050 00:00,TRUE,Faisal,AA,3043,1,LHR,LON,5,GB,12:40,T12:40:00.000+01:00,PHL,PHL,US,D,15:35,T15:35:00.000-05:00,789,0,FALSE,0 Pcs included
73,AY,AY,1,735,0,LHR,BNA,TJ_MMD,CALL,01/01/2019 00:00,01/01/2050 00:00,TRUE,Faisal,AA,4363,2,PHL,PHL,N,US,21:20,T21:20:00.000-04:00,BNA,BNA,US,N,22:33,T22:33:00.000-04:00,738,0,FALSE,0 Pcs included
73,AY,AY,1,735,0,LHR,BNA,TJ_MMD,CALL,01/01/2019 00:00,01/01/2050 00:00,TRUE,Faisal,AA,6141,3,BNA,BNA,N,US,10:33,T10:33:00.000-04:00,ORD,ORD,GB,N,12:18,T12:18:00.000-04:00,CR7,0,TRUE,0 Pcs included
73,AY,AY,1,735,0,LHR,BNA,TJ_MMD,CALL,01/01/2019 00:00,01/01/2050 00:00,TRUE,Faisal,AA,5897,4,ORD,ORD,3,US,16:55,T16:55:00.000-04:00,LHR,LON,GB,5,06:25,T06:25:00.000+01:00,788,1,TRUE,0 Pcs included
72,AY,AY,1,735,0,LHR,BNA,TJ_MMD,CALL,01/01/2019 00:00,01/01/2050 00:00,TRUE,Faisal,AA,4034,1,LHR,LON,5,GB,11:00,T11:00:00.000+01:00,DFW,DFW,US,D,15:00,T15:00:00.000-05:00,789,0,FALSE,0 Pcs included
72,AY,AY,1,735,0,LHR,BNA,TJ_MMD,CALL,01/01/2019 00:00,01/01/2050 00:00,TRUE,Faisal,AA,6206,2,DFW,DFW,N,US,16:35,T16:35:00.000-04:00,BNA,BNA,US,N,18:23,T18:23:00.000-04:00,738,0,FALSE,0 Pcs included
72,AY,AY,1,735,0,LHR,BNA,TJ_MMD,CALL,01/01/2019 00:00,01/01/2050 00:00,TRUE,Faisal,AA,6141,3,BNA,BNA,N,US,10:33,T10:33:00.000-04:00,DFW,DFW,GB,N,12:18,T12:18:00.000-04:00,CR7,0,TRUE,0 Pcs included
72,AY,AY,1,735,0,LHR,BNA,TJ_MMD,CALL,01/01/2019 00:00,01/01/2050 00:00,TRUE,Faisal,AA,5897,4,DFW,DFW,3,US,16:55,T16:55:00.000-04:00,LHR,LON,GB,5,06:25,T06:25:00.000+01:00,788,1,TRUE,0 Pcs included
71,AY,AY,1,735,0,LHR,BNA,TJ_MMD,CALL,01/01/2019 00:00,01/01/2050 00:00,TRUE,Faisal,AA,4034,1,LHR,LON,5,GB,11:00,T11:00:00.000+01:00,DFW,DFW,US,D,15:00,T15:00:00.000-05:00,789,0,FALSE,0 Pcs included
71,AY,AY,1,735,0,LHR,BNA,TJ_MMD,CALL,01/01/2019 00:00,01/01/2050 00:00,TRUE,Faisal,AA,6306,2,DFW,DFW,N,US,16:35,T16:35:00.000-04:00,BNA,BNA,US,N,18:23,T18:23:00.000-04:00,738,0,FALSE,0 Pcs included
71,AY,AY,1,735,0,LHR,BNA,TJ_MMD,CALL,01/01/2019 00:00,01/01/2050 00:00,TRUE,Faisal,AA,4519,3,BNA,BNA,N,US,13:39,T13:39:00.000-04:00,DFW,DFW,GB,N,15:46,T15:46:00.000-04:00,CR7,0,TRUE,0 Pcs included
71,AY,AY,1,735,0,LHR,BNA,TJ_MMD,CALL,01/01/2019 00:00,01/01/2050 00:00,TRUE,Faisal,AA,4009,4,DFW,DFW,3,US,19:20,T19:20:00.000-04:00,LHR,LON,GB,5,10:20,T10:20:00.000+01:00,788,1,TRUE,0 Pcs included
70,AY,AY,1,735,0,LHR,BNA,TJ_MMD,CALL,01/01/2019 00:00,01/01/2050 00:00,TRUE,Faisal,AA,5493,1,LHR,LON,5,GB,12:50,T12:50:00.000+01:00,DFW,DFW,US,D,16:55,T16:55:00.000-05:00,789,0,FALSE,0 Pcs included
70,AY,AY,1,735,0,LHR,BNA,TJ_MMD,CALL,01/01/2019 00:00,01/01/2050 00:00,TRUE,Faisal,AA,4590,2,DFW,DFW,N,US,19:45,T19:45:00.000-04:00,BNA,BNA,US,N,21:32,T21:32:00.000-04:00,738,0,FALSE,0 Pcs included
70,AY,AY,1,735,0,LHR,BNA,TJ_MMD,CALL,01/01/2019 00:00,01/01/2050 00:00,TRUE,Faisal,AA,6141,3,BNA,BNA,N,US,10:33,T10:33:00.000-04:00,ORD,ORD,GB,N,12:18,T12:18:00.000-04:00,CR7,0,TRUE,0 Pcs included
70,AY,AY,1,735,0,LHR,BNA,TJ_MMD,CALL,01/01/2019 00:00,01/01/2050 00:00,TRUE,Faisal,AA,5897,4,ORD,ORD,3,US,16:55,T16:55:00.000-04:00,LHR,LON,GB,5,06:25,T06:25:00.000+01:00,788,1,TRUE,0 Pcs included
69,AY,AY,1,608,0,LHR,PNS,TJ_MMD,CALL,01/01/2019 00:00,01/01/2050 00:00,TRUE,Faisal,AA,4034,1,LHR,LON,5,GB,11:00,T11:00:00.000+01:00,DFW,DFW,US,A,15:00,T15:00:00.000-05:00,77W,0,FALSE,0 Pcs included
69,AY,AY,1,608,0,LHR,PNS,TJ_MMD,CALL,01/01/2019 00:00,01/01/2050 00:00,TRUE,Faisal,AA,6282,2,DFW,DFW,N,US,17:00,T17:00:00.000-04:00,PNS,PNS,US,N,18:45,T18:45:00.000-04:00,E75,0,FALSE,0 Pcs included
69,AY,AY,1,608,0,LHR,PNS,TJ_MMD,CALL,01/01/2019 00:00,01/01/2050 00:00,TRUE,Faisal,AA,6049,3,PNS,PNS,N,US,07:14,T07:14:00.000-04:00,MIA,MIA,GB,N,09:50,T09:50:00.000-04:00,ER4,0,TRUE,0 Pcs included
69,AY,AY,1,608,0,LHR,PNS,TJ_MMD,CALL,01/01/2019 00:00,01/01/2050 00:00,TRUE,Faisal,AA,3101,4,MIA,MIA,N,US,20:45,T20:45:00.000-04:00,LHR,LON,GB,5,10:25,T10:25:00.000+01:00,789,1,TRUE,0 Pcs included
68,AY,AY,1,608,0,LHR,PNS,TJ_MMD,CALL,01/01/2019 00:00,01/01/2050 00:00,TRUE,Faisal,AA,4029,1,LHR,LON,5,GB,11:50,T11:50:00.000+01:00,DFW,DFW,US,A,16:30,T16:30:00.000-05:00,77W,0,FALSE,0 Pcs included
68,AY,AY,1,608,0,LHR,PNS,TJ_MMD,CALL,01/01/2019 00:00,01/01/2050 00:00,TRUE,Faisal,AA,3107,2,DFW,DFW,N,US,20:05,T20:05:00.000-04:00,PNS,PNS,US,N,20:47,T20:47:00.000-04:00,E75,0,FALSE,0 Pcs included
68,AY,AY,1,608,0,LHR,PNS,TJ_MMD,CALL,01/01/2019 00:00,01/01/2050 00:00,TRUE,Faisal,AA,5873,3,PNS,PNS,N,US,09:35,T09:35:00.000-04:00,MIA,MIA,GB,N,11:37,T11:37:00.000-04:00,ER4,0,TRUE,0 Pcs included
68,AY,AY,1,608,0,LHR,PNS,TJ_MMD,CALL,01/01/2019 00:00,01/01/2050 00:00,TRUE,Faisal,AA,4009,4,MIA,MIA,N,US,19:20,T19:20:00.000-04:00,LHR,LON,GB,5,10:20,T10:20:00.000+01:00,789,1,TRUE,0 Pcs included
67,AY,AY,1,610,0,LHR,PNS,TJ_MMD,CALL,01/01/2019 00:00,01/01/2050 00:00,TRUE,Faisal,AA,4029,1,LHR,LON,5,GB,11:50,T11:50:00.000+01:00,MIA,MIA,US,A,16:30,T16:30:00.000-05:00,77W,0,FALSE,0 Pcs included
67,AY,AY,1,610,0,LHR,PNS,TJ_MMD,CALL,01/01/2019 00:00,01/01/2050 00:00,TRUE,Faisal,AA,3107,2,MIA,MIA,N,US,20:05,T20:05:00.000-04:00,PNS,PNS,US,N,20:47,T20:47:00.000-04:00,E75,0,FALSE,0 Pcs included
67,AY,AY,1,610,0,LHR,PNS,TJ_MMD,CALL,01/01/2019 00:00,01/01/2050 00:00,TRUE,Faisal,AA,4898,3,PNS,PNS,N,US,11:30,T11:30:00.000-04:00,DFW,DFW,GB,N,13:30,T13:30:00.000-04:00,ER4,0,TRUE,0 Pcs included
67,AY,AY,1,610,0,LHR,PNS,TJ_MMD,CALL,01/01/2019 00:00,01/01/2050 00:00,TRUE,Faisal,BA,4009,4,DFW,DFW,N,US,19:20,T19:20:00.000-04:00,LHR,LON,GB,5,10:20,T10:20:00.000+01:00,789,1,TRUE,0 Pcs included
66,AY,AY,1,1001,0,LHR,SAV,TJ_MMD,CALL,01/01/2019 00:00,01/01/2050 00:00,TRUE,Faisal,BA,5493,1,LHR,LON,5,GB,12:50,T12:50:00.000+01:00,DFW,DFW,US,A,16:55,T16:55:00.000-05:00,77W,0,FALSE,0 Pcs included
66,AY,AY,1,1001,0,LHR,SAV,TJ_MMD,CALL,01/01/2019 00:00,01/01/2050 00:00,TRUE,Faisal,AA,4218,2,DFW,DFW,N,US,19:20,T19:20:00.000-04:00,SAV,SAV,US,N,22:45,T22:45:00.000-04:00,E75,0,FALSE,0 Pcs included
66,AY,AY,1,1001,0,LHR,SAV,TJ_MMD,CALL,01/01/2019 00:00,01/01/2050 00:00,TRUE,Faisal,AA,3301,3,SAV,SAV,N,US,16:55,T16:55:00.000-04:00,ORD,ORD,GB,N,18:21,T18:21:00.000-04:00,ER4,0,TRUE,0 Pcs included
66,AY,AY,1,1001,0,LHR,SAV,TJ_MMD,CALL,01/01/2019 00:00,01/01/2050 00:00,TRUE,Faisal,BA,4008,4,ORD,ORD,N,US,20:55,T20:55:00.000-04:00,LHR,LON,GB,5,10:50,T10:50:00.000+01:00,789,1,TRUE,0 Pcs included
65,AY,AY,1,615,0,LHR,PNS,TJ_MMD,CALL,01/01/2019 00:00,01/01/2050 00:00,TRUE,Faisal,AA,4029,1,LHR,LON,5,GB,11:50,T11:50:00.000+01:00,MIA,MIA,US,A,16:30,T16:30:00.000-05:00,77W,0,FALSE,0 Pcs included
65,AY,AY,1,615,0,LHR,PNS,TJ_MMD,CALL,01/01/2019 00:00,01/01/2050 00:00,TRUE,Faisal,AA,3107,2,MIA,MIA,N,US,20:05,T20:05:00.000-04:00,PNS,PNS,US,N,20:47,T20:47:00.000-04:00,E75,0,FALSE,0 Pcs included
65,AY,AY,1,615,0,LHR,PNS,TJ_MMD,CALL,01/01/2019 00:00,01/01/2050 00:00,TRUE,Faisal,AA,4898,3,PNS,PNS,N,US,11:30,T11:30:00.000-04:00,DFW,DFW,GB,N,13:30,T13:30:00.000-04:00,ER4,0,TRUE,0 Pcs included
65,AY,AY,1,615,0,LHR,PNS,TJ_MMD,CALL,01/01/2019 00:00,01/01/2050 00:00,TRUE,Faisal,BA,4011,4,DFW,DFW,N,US,18:45,T18:45:00.000-04:00,LHR,LON,GB,5,09:50,T09:50:00.000+01:00,789,1,TRUE,0 Pcs included
64,AY,AY,1,1001,0,LHR,SAV,TJ_MMD,CALL,01/01/2019 00:00,01/01/2050 00:00,TRUE,Faisal,AA,4029,1,LHR,LON,5,GB,11:50,T11:50:00.000+01:00,MIA,MIA,US,A,16:30,T16:30:00.000-05:00,77W,0,FALSE,0 Pcs included
64,AY,AY,1,1001,0,LHR,SAV,TJ_MMD,CALL,01/01/2019 00:00,01/01/2050 00:00,TRUE,Faisal,AA,4029,2,MIA,MIA,N,US,20:40,T20:40:00.000-04:00,SAV,SAV,US,N,22:08,T22:08:00.000-04:00,E75,0,FALSE,0 Pcs included
64,AY,AY,1,1001,0,LHR,SAV,TJ_MMD,CALL,01/01/2019 00:00,01/01/2050 00:00,TRUE,Faisal,AA,4009,3,SAV,SAV,N,US,09:30,T09:30:00.000-04:00,MIA,MIA,GB,N,11:14,T11:14:00.000-04:00,ER4,0,TRUE,0 Pcs included
64,AY,AY,1,1001,0,LHR,SAV,TJ_MMD,CALL,01/01/2019 00:00,01/01/2050 00:00,TRUE,Faisal,AA,4011,4,DFW,DFW,N,US,18:45,T18:45:00.000-04:00,LHR,LON,GB,5,09:50,T09:50:00.000+01:00,789,1,TRUE,0 Pcs included
63,AY,AY,1,1001,0,LHR,SAV,TJ_MMD,CALL,01/01/2019 00:00,01/01/2050 00:00,TRUE,Faisal,AA,4029,1,LHR,LON,5,GB,11:50,T11:50:00.000+01:00,MIA,MIA,US,A,16:30,T16:30:00.000-05:00,77W,0,FALSE,0 Pcs included
63,AY,AY,1,1001,0,LHR,SAV,TJ_MMD,CALL,01/01/2019 00:00,01/01/2050 00:00,TRUE,Faisal,AA,4029,2,MIA,MIA,N,US,20:40,T20:40:00.000-04:00,SAV,SAV,US,N,22:08,T22:08:00.000-04:00,E75,0,FALSE,0 Pcs included
63,AY,AY,1,1001,0,LHR,SAV,TJ_MMD,CALL,01/01/2019 00:00,01/01/2050 00:00,TRUE,Faisal,AA,3301,3,SAV,SAV,N,US,16:55,T16:55:00.000-04:00,ORD,ORD,GB,3,18:21,T18:21:00.000-04:00,ER4,0,TRUE,0 Pcs included
63,AY,AY,1,1001,0,LHR,SAV,TJ_MMD,CALL,01/01/2019 00:00,01/01/2050 00:00,TRUE,Faisal,AA,4008,4,ORD,ORD,5,US,20:55,T20:55:00.000-04:00,LHR,LON,GB,5,10:50,T10:50:00.000+01:00,359,1,TRUE,0 Pcs included
62,AY,AY,1,1001,0,LHR,SAV,TJ_MMD,CALL,01/01/2019 00:00,01/01/2050 00:00,TRUE,Faisal,AA,4029,1,LHR,LON,5,GB,11:00,T11:00:00.000+01:00,DFW,DFW,US,A,15:00,T15:00:00.000-05:00,77W,0,FALSE,0 Pcs included
62,AY,AY,1,1001,0,LHR,SAV,TJ_MMD,CALL,01/01/2019 00:00,01/01/2050 00:00,TRUE,Faisal,AA,4029,2,DFW,DFW,N,US,19:20,T19:20:00.000-04:00,SAV,SAV,US,N,22:45,T22:45:00.000-04:00,E75,0,FALSE,0 Pcs included
62,AY,AY,1,1001,0,LHR,SAV,TJ_MMD,CALL,01/01/2019 00:00,01/01/2050 00:00,TRUE,Faisal,AA,3301,3,SAV,SAV,N,US,08:00,T08:00:00.000-04:00,MIA,MIA,GB,N,09:28,T09:28:00.000-04:00,ER4,0,TRUE,0 Pcs included
62,AY,AY,1,1001,0,LHR,SAV,TJ_MMD,CALL,01/01/2019 00:00,01/01/2050 00:00,TRUE,Faisal,AA,4008,4,MIA,MIA,N,US,19:10,T19:10:00.000-04:00,LHR,LON,GB,5,08:55,T08:55:00.000+01:00,359,1,TRUE,0 Pcs included
61,AY,AY,1,875,0,LHR,DFW,TJ_MMD,CALL,01/01/2019 00:00,01/01/2050 00:00,TRUE,Faisal,AA,4034,1,LHR,LON,5,GB,11:00,T11:00:00.000+01:00,DFW,DFW,US,B,15:00,T15:00:00.000-05:00,77W,0,FALSE,0 Pcs included
61,AY,AY,1,875,0,LHR,DFW,TJ_MMD,CALL,01/01/2019 00:00,01/01/2050 00:00,TRUE,Faisal,AA,6499,2,DFW,DFW,N,US,12:20,T12:20:00.000-04:00,ORD,ORD,US,4,14:36,T14:36:00.000-04:00,788,0,TRUE,0 Pcs included
61,AY,AY,1,875,0,LHR,DFW,TJ_MMD,CALL,01/01/2019 00:00,01/01/2050 00:00,TRUE,Faisal,AA,5897,3,ORD,ORD,4,US,16:55,T16:55:00.000-04:00,LHR,LON,GB,5,06:25,T06:25:00.000+01:00,788,1,TRUE,0 Pcs included
60,AY,AY,1,875,0,LHR,DFW,TJ_MMD,CALL,01/01/2019 00:00,01/01/2050 00:00,TRUE,Faisal,AA,5746,1,LHR,LON,5,GB,09:15,T09:15:00.000+01:00,ORD,ORD,US,D,11:50,T11:50:00.000-05:00,789,0,FALSE,0 Pcs included
60,AY,AY,1,875,0,LHR,DFW,TJ_MMD,CALL,01/01/2019 00:00,01/01/2050 00:00,TRUE,Faisal,AA,5746,2,ORD,ORD,N,US,13:15,T13:15:00.000-04:00,DFW,DFW,US,0,15:47,T15:47:00.000-04:00,321,0,FALSE,0 Pcs included
60,AY,AY,1,875,0,LHR,DFW,TJ_MMD,CALL,01/01/2019 00:00,01/01/2050 00:00,TRUE,Faisal,AA,4009,3,DFW,DFW,0,US,19:20,T19:20:00.000-04:00,LHR,LON,GB,5,10:20,T10:20:00.000+01:00,789,1,TRUE,0 Pcs included
59,AY,AY,1,875,0,LHR,DFW,TJ_MMD,CALL,01/01/2019 00:00,01/01/2050 00:00,TRUE,Faisal,AA,3034,1,LHR,LON,5,GB,12:40,T12:40:00.000+01:00,PHL,PHL,US,D,15:35,T15:35:00.000-05:00,789,0,FALSE,0 Pcs included
59,AY,AY,1,875,0,LHR,DFW,TJ_MMD,CALL,01/01/2019 00:00,01/01/2050 00:00,TRUE,Faisal,AA,4331,2,PHL,PHL,N,US,17:11,T17:11:00.000-04:00,DFW,DFW,US,0,19:47,T19:47:00.000-04:00,321,0,FALSE,0 Pcs included
59,AY,AY,1,875,0,LHR,DFW,TJ_MMD,CALL,01/01/2019 00:00,01/01/2050 00:00,TRUE,Faisal,AA,4041,3,DFW,DFW,0,US,18:45,T18:45:00.000-04:00,LHR,LON,GB,5,09:45,T09:45:00.000+01:00,789,1,TRUE,0 Pcs included
58,AY,AY,1,875,0,LHR,DFW,TJ_MMD,CALL,01/01/2019 00:00,01/01/2050 00:00,TRUE,Faisal,AA,4034,1,LHR,LON,5,GB,11:00,T11:00:00.000+01:00,DFW,DFW,US,B,15:00,T15:00:00.000-05:00,77W,0,FALSE,0 Pcs included
58,AY,AY,1,875,0,LHR,DFW,TJ_MMD,CALL,01/01/2019 00:00,01/01/2050 00:00,TRUE,Faisal,AA,3076,2,DFW,DFW,N,US,12:50,T12:50:00.000-04:00,MIA,MIA,US,4,16:40,T16:40:00.000-04:00,738,0,TRUE,0 Pcs included
58,AY,AY,1,875,0,LHR,DFW,TJ_MMD,CALL,01/01/2019 00:00,01/01/2050 00:00,TRUE,Faisal,AA,4028,3,MIA,MIA,4,US,19:10,T19:10:00.000-04:00,LHR,LON,GB,5,08:55,T08:55:00.000+01:00,77W,1,TRUE,0 Pcs included
57,AY,AY,1,875,0,LHR,DFW,TJ_MMD,CALL,01/01/2019 00:00,01/01/2050 00:00,TRUE,Faisal,AA,4034,1,LHR,LON,5,GB,11:00,T11:00:00.000+01:00,MIA,MIA,US,D,15:00,T15:00:00.000-05:00,789,0,FALSE,0 Pcs included
57,AY,AY,1,875,0,LHR,DFW,TJ_MMD,CALL,01/01/2019 00:00,01/01/2050 00:00,TRUE,Faisal,AA,3076,2,MIA,MIA,N,US,12:50,T12:50:00.000-04:00,DFW,DFW,US,0,16:40,T16:40:00.000-04:00,32Q,0,FALSE,0 Pcs included
57,AY,AY,1,875,0,LHR,DFW,TJ_MMD,CALL,01/01/2019 00:00,01/01/2050 00:00,TRUE,Faisal,AA,4028,3,DFW,DFW,0,US,19:10,T19:10:00.000-04:00,LHR,LON,GB,5,08:55,T08:55:00.000+01:00,788,1,TRUE,0 Pcs included
56,LH,LH,1,700,0,LHR,GRR,TJ_MMD,CALL,01/01/2019 00:00,01/01/2050 00:00,TRUE,Faisal,UA,7625,1,LHR,LON,2,GB,08:05,T08:05:00.000+01:00,EWR,EWR,US,B,11:05,T11:05:00.000-05:00,763,0,FALSE,0 Pcs included
56,LH,LH,1,700,0,LHR,GRR,TJ_MMD,CALL,01/01/2019 00:00,01/01/2050 00:00,TRUE,Faisal,UA,7733,2,EWR,EWR,C,US,20:40,T20:40:00.000-04:00,GRR,GRR,US,N,22:59,T22:59:00.000-04:00,ERJ,0,FALSE,0 Pcs included
56,LH,LH,1,700,0,LHR,GRR,TJ_MMD,CALL,01/01/2019 00:00,01/01/2050 00:00,TRUE,Faisal,UA,8617,3,GRR,GRR,N,US,17:00,T17:00:00.000-04:00,EWR,EWR,US,C,18:47,T18:47:00.000-04:00,CR5,0,TRUE,0 Pcs included
56,LH,LH,1,700,0,LHR,GRR,TJ_MMD,CALL,01/01/2019 00:00,01/01/2050 00:00,TRUE,Faisal,UA,7630,4,EWR,EWR,C,US,21:00,T21:00:00.000-04:00,LHR,LON,GB,2,09:20,T09:20:00.000+01:00,763,1,TRUE,0 Pcs included
55,LH,LH,1,700,0,LHR,GRR,TJ_MMD,CALL,01/01/2019 00:00,01/01/2050 00:00,TRUE,Faisal,UA,7625,1,LHR,LON,2,GB,08:05,T08:05:00.000+01:00,EWR,EWR,US,B,11:05,T11:05:00.000-05:00,763,0,FALSE,0 Pcs included
55,LH,LH,1,700,0,LHR,GRR,TJ_MMD,CALL,01/01/2019 00:00,01/01/2050 00:00,TRUE,Faisal,UA,7919,2,EWR,EWR,C,US,16:35,T16:35:00.000-04:00,GRR,GRR,US,N,18:43,T18:43:00.000-04:00,ERJ,0,FALSE,0 Pcs included
55,LH,LH,1,700,0,LHR,GRR,TJ_MMD,CALL,01/01/2019 00:00,01/01/2050 00:00,TRUE,Faisal,UA,8617,3,GRR,GRR,N,US,17:00,T17:00:00.000-04:00,EWR,EWR,US,C,18:47,T18:47:00.000-04:00,CR5,0,TRUE,0 Pcs included
55,LH,LH,1,700,0,LHR,GRR,TJ_MMD,CALL,01/01/2019 00:00,01/01/2050 00:00,TRUE,Faisal,UA,7630,4,EWR,EWR,C,US,21:00,T21:00:00.000-04:00,LHR,LON,GB,2,09:20,T09:20:00.000+01:00,763,1,TRUE,0 Pcs included
54,LH,LH,1,700,0,LHR,GRR,TJ_MMD,CALL,01/01/2019 00:00,01/01/2050 00:00,TRUE,Faisal,UA,7631,1,LHR,LON,2,GB,12:00,T12:00:00.000+01:00,EWR,EWR,US,B,15:10,T15:10:00.000-05:00,763,0,FALSE,0 Pcs included
54,LH,LH,1,700,0,LHR,GRR,TJ_MMD,CALL,01/01/2019 00:00,01/01/2050 00:00,TRUE,Faisal,UA,7919,2,EWR,EWR,C,US,16:35,T16:35:00.000-04:00,GRR,GRR,US,N,18:43,T18:43:00.000-04:00,ERJ,0,FALSE,0 Pcs included
54,LH,LH,1,700,0,LHR,GRR,TJ_MMD,CALL,01/01/2019 00:00,01/01/2050 00:00,TRUE,Faisal,UA,8617,3,GRR,GRR,N,US,17:00,T17:00:00.000-04:00,EWR,EWR,US,C,18:47,T18:47:00.000-04:00,CR5,0,TRUE,0 Pcs included
54,LH,LH,1,700,0,LHR,GRR,TJ_MMD,CALL,01/01/2019 00:00,01/01/2050 00:00,TRUE,Faisal,UA,7630,4,EWR,EWR,NC,US,21:00,T21:00:00.000-04:00,LHR,LON,GB,2,09:20,T09:20:00.000+01:00,763,1,TRUE,0 Pcs included
53,LH,LH,1,700,0,LHR,GRR,TJ_MMD,CALL,01/01/2019 00:00,01/01/2050 00:00,TRUE,Faisal,UA,9348,1,LHR,LON,2,GB,10:35,T10:35:00.000+01:00,ORD,ORD,US,5,13:40,T13:40:00.000-05:00,763,0,FALSE,0 Pcs included
53,LH,LH,1,700,0,LHR,GRR,TJ_MMD,CALL,01/01/2019 00:00,01/01/2050 00:00,TRUE,Faisal,UA,7682,2,ORD,ORD,1,US,15:35,T15:35:00.000-04:00,GRR,GRR,US,N,17:44,T17:44:00.000-04:00,ERJ,0,FALSE,0 Pcs included
53,LH,LH,1,700,0,LHR,GRR,TJ_MMD,CALL,01/01/2019 00:00,01/01/2050 00:00,TRUE,Faisal,UA,8617,3,GRR,GRR,N,US,17:00,T17:00:00.000-04:00,EWR,EWR,US,C,18:47,T18:47:00.000-04:00,CR5,0,TRUE,0 Pcs included
53,LH,LH,1,700,0,LHR,GRR,TJ_MMD,CALL,01/01/2019 00:00,01/01/2050 00:00,TRUE,Faisal,UA,7630,4,EWR,EWR,C,US,21:00,T21:00:00.000-04:00,LHR,LON,GB,2,09:20,T09:20:00.000+01:00,763,1,TRUE,0 Pcs included
52,AY,AY,1,450,0,LHR,GRR,TJ_MMD,CALL,01/01/2019 00:00,01/01/2050 00:00,TRUE,Faisal,AA,5493,1,LHR,LON,5,GB,12:40,T12:40:00.000+01:00,PHL,PHL,US,A,15:35,T15:35:00.000-05:00,77W,0,FALSE,0 Pcs included
52,AY,AY,1,450,0,LHR,GRR,TJ_MMD,CALL,01/01/2019 00:00,01/01/2050 00:00,TRUE,Faisal,AA,5493,2,PHL,PHL,F,US,09:51,T09:51:00.000-04:00,GRR,GRR,US,N,11:48,T11:48:00.000-04:00,E75,0,FALSE,0 Pcs included
52,AY,AY,1,450,0,LHR,GRR,TJ_MMD,CALL,01/01/2019 00:00,01/01/2050 00:00,TRUE,Faisal,aa,5084,3,grr,grr,n,us,18:34,T18:34:00.000-04:00,ord,ord,us,3,18:41,T18:41:00.000-04:00,e75,0,TRUE,0 Pcs included
52,AY,AY,1,450,0,LHR,GRR,TJ_MMD,CALL,01/01/2019 00:00,01/01/2050 00:00,TRUE,Faisal,aa,4009,4,ord,ord,5,us,20:55,T20:55:00.000-04:00,LHR,LON,GB,5,10:50,T10:50:00.000+01:00,77w,1,TRUE,0 Pcs included
51,LH,LH,1,1001,0,LHR,MKE,TJ_MMD,CALL,01/01/2019 00:00,01/01/2050 00:00,TRUE,Faisal,UA,7627,1,LHR,LON,2,GB,09:30,T09:30:00.000+01:00,EWR,EWR,US,B,12:40,T12:40:00.000-05:00,787,0,FALSE,0 Pcs included
51,LH,LH,1,1001,0,LHR,MKE,TJ_MMD,CALL,01/01/2019 00:00,01/01/2050 00:00,TRUE,Faisal,UA,8586,2,EWR,EWR,C,US,16:30,T16:30:00.000-04:00,MKE,MKE,US,N,18:09,T18:09:00.000-04:00,E70,0,FALSE,0 Pcs included
51,LH,LH,1,1001,0,LHR,MKE,TJ_MMD,CALL,01/01/2019 00:00,01/01/2050 00:00,TRUE,Faisal,UA,8823,3,MKE,MKE,N,US,16:00,T16:00:00.000-04:00,ORD,ORD,US,2,16:56,T16:56:00.000-04:00,CR5,0,TRUE,0 Pcs included
51,LH,LH,1,1001,0,LHR,MKE,TJ_MMD,CALL,01/01/2019 00:00,01/01/2050 00:00,TRUE,Faisal,UA,9349,4,ORD,ORD,1,US,18:25,T18:25:00.000-04:00,LHR,LON,GB,2,08:30,T08:30:00.000+01:00,787,1,TRUE,0 Pcs included
50,AY,AY,1,700,0,LHR,PHX,TJ_MMD,CALL,01/01/2019 00:00,01/01/2050 00:00,TRUE,Faisal,AA,5961,1,LHR,LON,5,GB,09:55,T09:55:00.000+01:00,LAX,LAX,US,B,13:05,T13:05:00.000-05:00,789,0,FALSE,1 Pcs included
50,AY,AY,1,700,0,LHR,PHX,TJ_MMD,CALL,01/01/2019 00:00,01/01/2050 00:00,TRUE,Faisal,AA,5877,2,LAX,LAX,N,US,15:47,T15:47:00.000-04:00,PHX,PHX,US,4,17:09,T17:09:00.000-04:00,32Q,0,FALSE,1 Pcs included
50,AY,AY,1,700,0,LHR,PHX,TJ_MMD,CALL,01/01/2019 00:00,01/01/2050 00:00,TRUE,Faisal,AA,5956,3,PHX,PHX,4,US,19:15,T19:15:00.000-04:00,LHR,LON,GB,5,13:15,T13:15:00.000+01:00,788,1,TRUE,1 Pcs included
49,AY,AY,1,700,0,LHR,PHX,TJ_MMD,CALL,01/01/2019 00:00,01/01/2050 00:00,TRUE,Faisal,BA,5477,1,LHR,LON,5,GB,13:10,T13:10:00.000+01:00,JFK,JFK,US,7,16:00,T16:00:00.000-05:00,777,0,FALSE,0 Pcs included
49,AY,AY,1,700,0,LHR,PHX,TJ_MMD,CALL,01/01/2019 00:00,01/01/2050 00:00,TRUE,Faisal,AA,5728,2,JFK,JFK,8,US,06:16,T06:16:00.000-04:00,PHX,PHX,US,4,08:43,T08:43:00.000-04:00,738,0,FALSE,0 Pcs included
49,AY,AY,1,700,0,LHR,PHX,TJ_MMD,CALL,01/01/2019 00:00,01/01/2050 00:00,TRUE,Faisal,BA,5528,3,PHX,PHX,4,US,19:15,T19:15:00.000-04:00,LHR,LON,GB,5,13:15,T13:15:00.000+01:00,788,1,TRUE,0 Pcs included
48,AY,AY,1,700,0,LHR,PHX,TJ_MMD,CALL,01/01/2019 00:00,01/01/2050 00:00,TRUE,Faisal,AA,5961,1,LHR,LON,5,GB,09:55,T09:55:00.000+01:00,LAX,LAX,US,B,13:05,T13:05:00.000-05:00,789,0,FALSE,1 Pcs included
48,AY,AY,1,700,0,LHR,PHX,TJ_MMD,CALL,01/01/2019 00:00,01/01/2050 00:00,TRUE,Faisal,AA,5128,2,LAX,LAX,N,US,15:47,T15:47:00.000-04:00,PHX,PHX,US,N,17:09,T17:09:00.000-04:00,E75,0,FALSE,1 Pcs included
48,AY,AY,1,700,0,LHR,PHX,TJ_MMD,CALL,01/01/2019 00:00,01/01/2050 00:00,TRUE,Faisal,AA,5956,3,PHX,PHX,4,US,19:15,T19:15:00.000-04:00,LHR,LON,GB,5,13:15,T13:15:00.000+01:00,788,1,TRUE,1 Pcs included
47,AY,AY,1,540,0,LHR,GRR,TJ_MMD,CALL,01/01/2019 00:00,01/01/2050 00:00,TRUE,Faisal,aa,3043,1,lhr,lon,5,gb,12:50,T12:50:00.000+01:00,phl,phl,us,a,16:55,T16:55:00.000-05:00,77w,0,FALSE,0 Pcs included
47,AY,AY,1,540,0,LHR,GRR,TJ_MMD,CALL,01/01/2019 00:00,01/01/2050 00:00,TRUE,Faisal,aa,5253,2,phl,phl,n,US,08:35,T08:35:00.000-04:00,grr,grr,us,N,09:48,T09:48:00.000-04:00,e75,0,FALSE,0 Pcs included
47,AY,AY,1,540,0,LHR,GRR,TJ_MMD,CALL,01/01/2019 00:00,01/01/2050 00:00,TRUE,Faisal,aa,5207,3,grr,grr,n,us,17:18,T17:18:00.000-04:00,dfw,dfw,GB,N,18:40,T18:40:00.000-04:00,e75,0,TRUE,0 Pcs included
47,AY,AY,1,540,0,LHR,GRR,TJ_MMD,CALL,01/01/2019 00:00,01/01/2050 00:00,TRUE,Faisal,aa,4008,4,dfw,dfw,n,us,19:20,T19:20:00.000-04:00,LHR,LON,GB,3,10:20,T10:20:00.000+01:00,77w,1,TRUE,0 Pcs included
46,AY,AY,1,610,0,LHR,ICT,TJ_MMD,CALL,01/01/2019 00:00,01/01/2050 00:00,TRUE,Faisal,aa,4034,1,lhr,lon,5,gb,11:00,T11:00:00.000+01:00,dfw,dfw,us,d,15:00,T15:00:00.000-05:00,77w,0,FALSE,0 Pcs included
46,AY,AY,1,610,0,LHR,ICT,TJ_MMD,CALL,01/01/2019 00:00,01/01/2050 00:00,TRUE,Faisal,aa,5088,2,dfw,dfw,n,US,16:30,T16:30:00.000-04:00,ict,ict,us,N,17:43,T17:43:00.000-04:00,319,0,FALSE,0 Pcs included
46,AY,AY,1,610,0,LHR,ICT,TJ_MMD,CALL,01/01/2019 00:00,01/01/2050 00:00,TRUE,Faisal,aa,4697,3,ict,ict,n,us,06:00,T06:00:00.000-04:00,ord,ord,GB,3,07:45,T07:45:00.000-04:00,er4,0,TRUE,0 Pcs included
46,AY,AY,1,610,0,LHR,ICT,TJ_MMD,CALL,01/01/2019 00:00,01/01/2050 00:00,TRUE,Faisal,aa,4008,4,ord,ord,5,us,20:55,T20:55:00.000-04:00,LHR,LON,GB,5,10:50,T10:50:00.000+01:00,359,1,TRUE,0 Pcs included
45,AY,AY,1,700,0,LHR,PHX,TJ_MMD,CALL,01/01/2019 00:00,01/01/2050 00:00,TRUE,Faisal,BA,5475,1,LHR,LON,5,GB,09:40,T09:40:00.000+01:00,LAX,LAX,US,7,12:30,T12:30:00.000-05:00,777,0,FALSE,0 Pcs included
45,AY,AY,1,700,0,LHR,PHX,TJ_MMD,CALL,01/01/2019 00:00,01/01/2050 00:00,TRUE,Faisal,AA,4078,2,LAX,LAX,8,US,14:30,T14:30:00.000-04:00,PHX,PHX,US,4,17:07,T17:07:00.000-04:00,738,0,FALSE,0 Pcs included
45,AY,AY,1,700,0,LHR,PHX,TJ_MMD,CALL,01/01/2019 00:00,01/01/2050 00:00,TRUE,Faisal,BA,5528,3,PHX,PHX,4,US,19:15,T19:15:00.000-04:00,LHR,LON,GB,5,13:15,T13:15:00.000+01:00,788,1,TRUE,0 Pcs included
44,AY,AY,1,610,0,LHR,XNA,TJ_MMD,CALL,01/01/2019 00:00,01/01/2050 00:00,TRUE,Faisal,aa,6324,1,lhr,lon,5,gb,11:00,T11:00:00.000+01:00,dfw,dfw,us,a,15:00,T15:00:00.000-05:00,77w,0,FALSE,0 Pcs included
44,AY,AY,1,610,0,LHR,XNA,TJ_MMD,CALL,01/01/2019 00:00,01/01/2050 00:00,TRUE,Faisal,aa,6324,2,dfw,dfw,n,US,16:40,T16:40:00.000-04:00,xna,xna,us,N,17:52,T17:52:00.000-04:00,e75,0,FALSE,0 Pcs included
44,AY,AY,1,610,0,LHR,XNA,TJ_MMD,CALL,01/01/2019 00:00,01/01/2050 00:00,TRUE,Faisal,aa,6965,3,xna,xna,n,us,14:28,T14:28:00.000-04:00,dfw,dfw,GB,N,15:50,T15:50:00.000-04:00,e75,0,TRUE,0 Pcs included
44,AY,AY,1,610,0,LHR,XNA,TJ_MMD,CALL,01/01/2019 00:00,01/01/2050 00:00,TRUE,Faisal,aa,6965,4,dfw,dfw,n,us,19:05,T19:05:00.000-04:00,LHR,LON,GB,3,09:20,T09:20:00.000+01:00,77w,1,TRUE,0 Pcs included
43,AY,AY,1,610,0,LHR,XNA,TJ_MMD,CALL,01/01/2019 00:00,01/01/2050 00:00,TRUE,Faisal,aa,6324,1,lhr,lon,5,gb,11:00,T11:00:00.000+01:00,dfw,dfw,us,a,15:00,T15:00:00.000-05:00,77w,0,FALSE,0 Pcs included
43,AY,AY,1,610,0,LHR,XNA,TJ_MMD,CALL,01/01/2019 00:00,01/01/2050 00:00,TRUE,Faisal,aa,6324,2,dfw,dfw,n,US,16:40,T16:40:00.000-04:00,xna,xna,us,N,17:52,T17:52:00.000-04:00,e75,0,FALSE,0 Pcs included
43,AY,AY,1,610,0,LHR,XNA,TJ_MMD,CALL,01/01/2019 00:00,01/01/2050 00:00,TRUE,Faisal,aa,6965,3,xna,xna,n,us,12:33,T12:33:00.000-04:00,dfw,dfw,GB,N,13:50,T13:50:00.000-04:00,e75,0,TRUE,0 Pcs included
43,AY,AY,1,610,0,LHR,XNA,TJ_MMD,CALL,01/01/2019 00:00,01/01/2050 00:00,TRUE,Faisal,aa,6965,4,dfw,dfw,n,us,16:50,T16:50:00.000-04:00,LHR,LON,GB,3,06:50,T06:50:00.000+01:00,77w,1,TRUE,0 Pcs included
42,AY,AY,1,610,0,LHR,XNA,TJ_MMD,CALL,01/01/2019 00:00,01/01/2050 00:00,TRUE,Faisal,aa,6963,1,lhr,lon,5,gb,11:00,T11:00:00.000+01:00,dfw,dfw,us,a,15:00,T15:00:00.000-05:00,77w,0,FALSE,0 Pcs included
42,AY,AY,1,610,0,LHR,XNA,TJ_MMD,CALL,01/01/2019 00:00,01/01/2050 00:00,TRUE,Faisal,aa,6963,2,dfw,dfw,n,US,18:30,T18:30:00.000-04:00,xna,xna,us,N,19:44,T19:44:00.000-04:00,e75,0,FALSE,0 Pcs included
42,AY,AY,1,610,0,LHR,XNA,TJ_MMD,CALL,01/01/2019 00:00,01/01/2050 00:00,TRUE,Faisal,aa,6965,3,xna,xna,n,us,14:28,T14:28:00.000-04:00,dfw,dfw,GB,N,15:50,T15:50:00.000-04:00,e75,0,TRUE,0 Pcs included
42,AY,AY,1,610,0,LHR,XNA,TJ_MMD,CALL,01/01/2019 00:00,01/01/2050 00:00,TRUE,Faisal,aa,6965,4,dfw,dfw,n,us,16:50,T16:50:00.000-04:00,LHR,LON,GB,3,06:50,T06:50:00.000+01:00,77w,1,TRUE,0 Pcs included
41,AY,AY,1,610,0,LHR,XNA,TJ_MMD,CALL,01/01/2019 00:00,01/01/2050 00:00,TRUE,Faisal,aa,3046,1,lhr,lon,5,gb,12:40,T12:40:00.000+01:00,bos,bos,us,a,19:45,T19:45:00.000-05:00,359,0,FALSE,0 Pcs included
41,AY,AY,1,610,0,LHR,XNA,TJ_MMD,CALL,01/01/2019 00:00,01/01/2050 00:00,TRUE,Faisal,aa,3046,2,bos,bos,f,US,21:25,T21:25:00.000-04:00,ord,ord,us,N,08:56,T08:56:00.000-04:00,738,0,FALSE,0 Pcs included
41,AY,AY,1,610,0,LHR,XNA,TJ_MMD,CALL,01/01/2019 00:00,01/01/2050 00:00,TRUE,Faisal,aa,6960,3,ord,ord,n,US,17:47,T17:47:00.000-04:00,xna,xna,us,N,12:00,T12:00:00.000-04:00,e75,0,FALSE,0 Pcs included
41,AY,AY,1,610,0,LHR,XNA,TJ_MMD,CALL,01/01/2019 00:00,01/01/2050 00:00,TRUE,Faisal,aa,4009,4,xna,xna,n,us,10:05,T10:05:00.000-04:00,dfw,dfw,GB,N,15:50,T15:50:00.000-04:00,e75,0,TRUE,0 Pcs included
41,AY,AY,1,610,0,LHR,XNA,TJ_MMD,CALL,01/01/2019 00:00,01/01/2050 00:00,TRUE,Faisal,aa,5828,5,dfw,dfw,n,us,10:05,T10:05:00.000-04:00,LHR,LON,GB,n,08:15,T08:15:00.000+01:00,77w,1,TRUE,0 Pcs included
40,BA,ba,1,860,1,LHR,XNA,TJAPP,CALL,01/01/2019 00:00,01/01/2050 00:00,TRUE,Faisal,aa,1590,1,lhr,lon,5,gb,11:00,T11:00:00.000+01:00,dfw,dfw,us,d,15:00,T15:00:00.000-04:00,77w,0,FALSE,0 Pcs included
40,BA,BA,1,860,1,LHR,XNA,TJAPP,CALL,01/01/2019 00:00,01/01/2050 00:00,TRUE,Faisal,aa,6869,2,dfw,dfw,n,US,16:40,T16:40:00.000-04:00,xna,xna,jm,N,17:52,T17:52:00.000-04:00,738,0,FALSE,0 Pcs included
40,BA,BA,1,860,1,LHR,XNA,TJAPP,CALL,01/01/2019 00:00,01/01/2050 00:00,TRUE,Faisal,aa,6723,3,xna,xna,N,jm,14:28,T14:28:00.000-04:00,dfw,dfw,us,N,15:50,T15:50:00.000-04:00,738,0,TRUE,0 Pcs included
40,BA,BA,1,860,1,LHR,XNA,TJAPP,CALL,01/01/2019 00:00,01/01/2050 00:00,TRUE,Faisal,aa,1589,4,dfw,dfw,3,us,16:50,T16:50:00.000-04:00,lhr,lon,gb,3,06:50,T06:50:00.000+01:00,789,1,TRUE,0 Pcs included
39,LH,LH,1,730,0,LHR,CMH,TJ_MMD,CALL,01/01/2019 00:00,01/01/2050 00:00,TRUE,Faisal,UA,9260,1,LHR,LON,2,GB,12:00,T12:00:00.000+01:00,IAD,IAD,US,5,15:10,T15:10:00.000-05:00,787,0,FALSE,0 Pcs included
39,LH,LH,1,730,0,LHR,CMH,TJ_MMD,CALL,01/01/2019 00:00,01/01/2050 00:00,TRUE,Faisal,UA,9046,2,IAD,IAD,N,US,17:56,T17:56:00.000-04:00,CMH,CMH,US,N,19:22,T19:22:00.000-04:00,E70,0,FALSE,0 Pcs included
39,LH,LH,1,730,0,LHR,CMH,TJ_MMD,CALL,01/01/2019 00:00,01/01/2050 00:00,TRUE,Faisal,UA,7557,3,CMH,CMH,N,US,15:22,T15:22:00.000-04:00,IAD,IAD,US,N,16:42,T16:42:00.000-04:00,CR5,0,TRUE,0 Pcs included
39,LH,LH,1,730,0,LHR,CMH,TJ_MMD,CALL,01/01/2019 00:00,01/01/2050 00:00,TRUE,Faisal,UA,7626,4,IAD,IAD,N,US,18:20,T18:20:00.000-04:00,LHR,LON,GB,2,06:45,T06:45:00.000+01:00,787,1,TRUE,0 Pcs included
38,AC,AC,1,735,0,LHR,CMH,TJ_MMD,CALL,01/01/2019 00:00,01/01/2050 00:00,TRUE,Faisal,AC,849,1,LHR,LON,2,GB,14:05,T14:05:00.000+01:00,YYZ,YYZ,US,1,16:50,T16:50:00.000-05:00,77W,0,FALSE,0 Pcs included
38,AC,AC,1,735,0,LHR,CMH,TJ_MMD,CALL,01/01/2019 00:00,01/01/2050 00:00,TRUE,Faisal,AC,8941,2,IAD,IAD,1,US,20:50,T20:50:00.000-04:00,CMH,CMH,US,N,22:09,T22:09:00.000-04:00,CRJ,0,FALSE,0 Pcs included
38,AC,AC,1,735,0,LHR,CMH,TJ_MMD,CALL,01/01/2019 00:00,01/01/2050 00:00,TRUE,Faisal,AC,8940,3,CMH,CMH,N,US,18:25,T18:25:00.000-04:00,YYZ,YYZ,US,1,19:44,T19:44:00.000-04:00,CRJ,0,TRUE,0 Pcs included
38,AC,AC,1,735,0,LHR,CMH,TJ_MMD,CALL,01/01/2019 00:00,01/01/2050 00:00,TRUE,Faisal,AC,848,4,YYZ,YYZ,1,US,20:45,T20:45:00.000-04:00,LHR,LON,GB,2,08:45,T08:45:00.000+01:00,77W,1,TRUE,0 Pcs included
37,LH,LH,1,731,0,LHR,CMH,TJ_MMD,CALL,01/01/2019 00:00,01/01/2050 00:00,TRUE,Faisal,UA,9260,1,LHR,LON,2,GB,12:00,T12:00:00.000+01:00,IAD,IAD,US,5,15:10,T15:10:00.000-05:00,787,0,FALSE,0 Pcs included
37,LH,LH,1,731,0,LHR,CMH,TJ_MMD,CALL,01/01/2019 00:00,01/01/2050 00:00,TRUE,Faisal,UA,9046,2,IAD,IAD,N,US,17:56,T17:56:00.000-04:00,CMH,CMH,US,N,19:22,T19:22:00.000-04:00,E70,0,FALSE,0 Pcs included
37,LH,LH,1,731,0,LHR,CMH,TJ_MMD,CALL,01/01/2019 00:00,01/01/2050 00:00,TRUE,Faisal,UA,7557,3,CMH,CMH,N,US,12:10,T12:10:00.000-04:00,EWR,EWR,US,N,13:55,T13:55:00.000-04:00,CR5,0,TRUE,0 Pcs included
37,LH,LH,1,731,0,LHR,CMH,TJ_MMD,CALL,01/01/2019 00:00,01/01/2050 00:00,TRUE,Faisal,UA,7626,4,EWR,EWR,N,US,19:10,T19:10:00.000-04:00,LHR,LON,GB,2,06:55,T06:55:00.000+01:00,787,1,TRUE,0 Pcs included
36,AY,AY,1,1001,0,LHR,TYS,TJ_MMD,CALL,01/01/2019 00:00,01/01/2050 00:00,TRUE,Faisal,aa,4051,1,lhr,lon,5,gb,11:00,T11:00:00.000+01:00,dfw,dfw,us,5,15:00,T15:00:00.000-05:00,359,0,FALSE,1 Pcs included
36,AY,AY,1,1001,0,LHR,TYS,TJ_MMD,CALL,01/01/2019 00:00,01/01/2050 00:00,TRUE,Faisal,aa,6745,2,dfw,dfw,n,US,20:35,T20:35:00.000-04:00,tys,tys,us,N,23:41,T23:41:00.000-04:00,er7,0,FALSE,1 Pcs included
36,AY,AY,1,1001,0,LHR,TYS,TJ_MMD,CALL,01/01/2019 00:00,01/01/2050 00:00,TRUE,Faisal,aa,5474,3,tys,tys,n,US,14:19,T14:19:00.000-04:00,dfw,dfw,us,n,15:41,T15:41:00.000-04:00,cr7,0,TRUE,1 Pcs included
36,AY,AY,1,1001,0,LHR,TYS,TJ_MMD,CALL,01/01/2019 00:00,01/01/2050 00:00,TRUE,Faisal,aa,5669,4,dfw,dfw,n,us,18:05,T18:05:00.000-04:00,LHR,LON,GB,3,08:15,T08:15:00.000+01:00,77w,1,TRUE,1 Pcs included
35,AY,AY,1,1001,0,LHR,TYS,TJ_MMD,CALL,01/01/2019 00:00,01/01/2050 00:00,TRUE,Faisal,aa,4034,1,lhr,lon,5,gb,11:00,T11:00:00.000+01:00,ord,ord,us,5,15:00,T15:00:00.000-05:00,359,0,FALSE,1 Pcs included
35,AY,AY,1,1001,0,LHR,TYS,TJ_MMD,CALL,01/01/2019 00:00,01/01/2050 00:00,TRUE,Faisal,aa,4034,2,ord,ord,n,US,20:35,T20:35:00.000-04:00,tys,tys,us,N,23:41,T23:41:00.000-04:00,er7,0,FALSE,1 Pcs included
35,AY,AY,1,1001,0,LHR,TYS,TJ_MMD,CALL,01/01/2019 00:00,01/01/2050 00:00,TRUE,Faisal,aa,4009,3,tys,tys,n,US,14:19,T14:19:00.000-04:00,dfw,DFW,us,n,15:41,T15:41:00.000-04:00,cr7,0,TRUE,1 Pcs included
35,AY,AY,1,1001,0,LHR,TYS,TJ_MMD,CALL,01/01/2019 00:00,01/01/2050 00:00,TRUE,Faisal,aa,5828,4,dfw,dfw,n,us,18:05,T18:05:00.000-04:00,LHR,LON,GB,3,08:15,T08:15:00.000+01:00,77w,1,TRUE,1 Pcs included
34,AY,AY,1,1001,0,LHR,TYS,TJ_MMD,CALL,01/01/2019 00:00,01/01/2050 00:00,TRUE,Faisal,aa,4051,1,lhr,lon,5,gb,16:05,T16:05:00.000+01:00,ord,ord,us,5,18:45,T18:45:00.000-05:00,359,0,FALSE,1 Pcs included
34,AY,AY,1,1001,0,LHR,TYS,TJ_MMD,CALL,01/01/2019 00:00,01/01/2050 00:00,TRUE,Faisal,aa,6745,2,ord,ord,n,US,08:25,T08:25:00.000-04:00,tys,tys,us,N,11:08,T11:08:00.000-04:00,er7,0,FALSE,1 Pcs included
34,AY,AY,1,1001,0,LHR,TYS,TJ_MMD,CALL,01/01/2019 00:00,01/01/2050 00:00,TRUE,Faisal,aa,4009,3,tys,tys,n,US,14:19,T14:19:00.000-04:00,dfw,DFW,us,n,15:41,T15:41:00.000-04:00,cr7,0,TRUE,1 Pcs included
34,AY,AY,1,1001,0,LHR,TYS,TJ_MMD,CALL,01/01/2019 00:00,01/01/2050 00:00,TRUE,Faisal,aa,5828,4,dfw,dfw,n,us,18:05,T18:05:00.000-04:00,LHR,LON,GB,3,08:15,T08:15:00.000+01:00,77w,1,TRUE,1 Pcs included
33,AY,AY,1,1001,0,LHR,TYS,TJ_MMD,CALL,01/01/2019 00:00,01/01/2050 00:00,TRUE,Faisal,aa,4051,1,lhr,lon,5,gb,16:05,T16:05:00.000+01:00,ord,ord,us,5,18:45,T18:45:00.000-05:00,789,0,FALSE,1 Pcs included
33,AY,AY,1,1001,0,LHR,TYS,TJ_MMD,CALL,01/01/2019 00:00,01/01/2050 00:00,TRUE,Faisal,aa,6745,2,ord,ord,3,US,08:25,T08:25:00.000-04:00,tys,tys,us,N,11:08,T11:08:00.000-04:00,cr7,0,FALSE,1 Pcs included
33,AY,AY,1,1001,0,LHR,TYS,TJ_MMD,CALL,01/01/2019 00:00,01/01/2050 00:00,TRUE,Faisal,aa,5474,3,tys,tys,n,US,11:08,T11:08:00.000-04:00,clt,clt,us,n,12:30,T12:30:00.000-04:00,er4,0,TRUE,1 Pcs included
33,AY,AY,1,1001,0,LHR,TYS,TJ_MMD,CALL,01/01/2019 00:00,01/01/2050 00:00,TRUE,Faisal,aa,5669,4,clt,clt,n,us,18:55,T18:55:00.000-04:00,LHR,LON,GB,3,07:00,T07:00:00.000+01:00,772,1,TRUE,1 Pcs included
32,AY,AY,1,460,0,LHR,SYR,TJ_MMD,CALL,01/01/2019 00:00,01/01/2050 00:00,TRUE,Faisal,aa,3043,1,lhr,lon,5,gb,12:40,T12:40:00.000+01:00,phl,phl,us,a,15:35,T15:35:00.000-05:00,789,0,FALSE,1 Pcs included
32,AY,AY,1,460,0,LHR,SYR,TJ_MMD,CALL,01/01/2019 00:00,01/01/2050 00:00,TRUE,Faisal,aa,6996,2,phl,phl,f,US,21:25,T21:25:00.000-04:00,syr,syr,us,N,22:30,T22:30:00.000-04:00,cr7,0,FALSE,1 Pcs included
32,AY,AY,1,460,0,LHR,SYR,TJ_MMD,CALL,01/01/2019 00:00,01/01/2050 00:00,TRUE,Faisal,aa,5218,3,syr,syr,n,US,17:47,T17:47:00.000-04:00,ord,ord,us,3,19:05,T19:05:00.000-04:00,er4,0,TRUE,1 Pcs included
32,AY,AY,1,460,0,LHR,SYR,TJ_MMD,CALL,01/01/2019 00:00,01/01/2050 00:00,TRUE,Faisal,aa,5752,4,ord,ord,3,us,10:05,T10:05:00.000-04:00,LHR,LON,GB,3,22:40,T22:40:00.000+01:00,772,1,TRUE,1 Pcs included
31,AY,AY,1,719,0,LHR,CMH,TJ_MMD,CALL,01/01/2019 00:00,01/01/2050 00:00,TRUE,Faisal,AA,4029,1,LHR,LON,5,GB,11:50,T11:50:00.000+01:00,ORD,ORD,US,N,16:30,T16:30:00.000-05:00,77W,0,FALSE,1 Pcs included
31,AY,AY,1,719,0,LHR,CMH,TJ_MMD,CALL,01/01/2019 00:00,01/01/2050 00:00,TRUE,Faisal,AA,6620,2,ORD,ORD,3,US,20:20,T20:20:00.000-04:00,CMH,CMH,US,N,23:02,T23:02:00.000-04:00,E75,0,FALSE,1 Pcs included
31,AY,AY,1,719,0,LHR,CMH,TJ_MMD,CALL,01/01/2019 00:00,01/01/2050 00:00,TRUE,Faisal,AA,6255,3,CMH,CMH,N,US,12:00,T12:00:00.000-04:00,CLT,CLT,US,3,12:24,T12:24:00.000-04:00,E75,0,TRUE,1 Pcs included
31,AY,AY,1,719,0,LHR,CMH,TJ_MMD,CALL,01/01/2019 00:00,01/01/2050 00:00,TRUE,Faisal,AA,5897,4,CLT,CLT,N,US,20:00,T20:00:00.000-04:00,LHR,LON,GB,3,08:40,T08:40:00.000+01:00,772,1,TRUE,1 Pcs included
30,AY,AY,1,719,0,LHR,CMH,TJ_MMD,CALL,01/01/2019 00:00,01/01/2050 00:00,TRUE,Faisal,AA,5746,1,LHR,LON,5,GB,09:15,T09:15:00.000+01:00,ORD,ORD,US,N,11:50,T11:50:00.000-05:00,778,0,FALSE,1 Pcs included
30,AY,AY,1,719,0,LHR,CMH,TJ_MMD,CALL,01/01/2019 00:00,01/01/2050 00:00,TRUE,Faisal,AA,5654,2,ORD,ORD,3,US,14:55,T14:55:00.000-04:00,CMH,CMH,US,N,17:13,T17:13:00.000-04:00,E75,0,FALSE,1 Pcs included
30,AY,AY,1,719,0,LHR,CMH,TJ_MMD,CALL,01/01/2019 00:00,01/01/2050 00:00,TRUE,Faisal,AA,5314,3,CMH,CMH,N,US,13:55,T13:55:00.000-04:00,CLT,CLT,US,3,15:26,T15:26:00.000-04:00,E75,0,TRUE,1 Pcs included
30,AY,AY,1,719,0,LHR,CMH,TJ_MMD,CALL,01/01/2019 00:00,01/01/2050 00:00,TRUE,Faisal,AA,5669,4,CLT,CLT,N,US,18:55,T18:55:00.000-04:00,LHR,LON,GB,3,07:00,T07:00:00.000+01:00,772,1,TRUE,1 Pcs included
29,AY,AY,1,719,0,LHR,CMH,TJ_MMD,CALL,01/01/2019 00:00,01/01/2050 00:00,TRUE,Faisal,AA,5746,1,LHR,LON,5,GB,09:15,T09:15:00.000+01:00,ORD,ORD,US,N,11:50,T11:50:00.000-05:00,778,0,FALSE,1 Pcs included
29,AY,AY,1,719,0,LHR,CMH,TJ_MMD,CALL,01/01/2019 00:00,01/01/2050 00:00,TRUE,Faisal,AA,5654,2,ORD,ORD,3,US,14:55,T14:55:00.000-04:00,CMH,CMH,US,N,17:13,T17:13:00.000-04:00,E75,0,FALSE,1 Pcs included
29,AY,AY,1,719,0,LHR,CMH,TJ_MMD,CALL,01/01/2019 00:00,01/01/2050 00:00,TRUE,Faisal,AA,5669,3,CMH,CMH,N,US,17:27,T17:27:00.000-04:00,CLT,CLT,US,3,18:54,T18:54:00.000-04:00,E75,0,TRUE,1 Pcs included
29,AY,AY,1,719,0,LHR,CMH,TJ_MMD,CALL,01/01/2019 00:00,01/01/2050 00:00,TRUE,Faisal,AA,5743,4,CLT,CLT,N,US,21:55,T21:55:00.000-04:00,LHR,LON,GB,3,10:00,T10:00:00.000+01:00,772,1,TRUE,1 Pcs included
28,AY,AY,1,719,0,LHR,CMH,TJ_MMD,CALL,01/01/2019 00:00,01/01/2050 00:00,TRUE,Faisal,AA,5746,1,LHR,LON,5,GB,09:15,T09:15:00.000+01:00,ORD,ORD,US,N,11:50,T11:50:00.000-05:00,778,0,FALSE,1 Pcs included
28,AY,AY,1,719,0,LHR,CMH,TJ_MMD,CALL,01/01/2019 00:00,01/01/2050 00:00,TRUE,Faisal,AA,6128,2,ORD,ORD,3,US,20:00,T20:00:00.000-04:00,CMH,CMH,US,N,22:18,T22:18:00.000-04:00,E75,0,FALSE,1 Pcs included
28,AY,AY,1,719,0,LHR,CMH,TJ_MMD,CALL,01/01/2019 00:00,01/01/2050 00:00,TRUE,Faisal,AA,5669,3,CMH,CMH,N,US,17:27,T17:27:00.000-04:00,CLT,CLT,US,3,18:54,T18:54:00.000-04:00,E75,0,TRUE,1 Pcs included
28,AY,AY,1,719,0,LHR,CMH,TJ_MMD,CALL,01/01/2019 00:00,01/01/2050 00:00,TRUE,Faisal,AA,5743,4,CLT,CLT,N,US,21:25,T21:25:00.000-04:00,LHR,LON,GB,3,10:00,T10:00:00.000+01:00,772,1,TRUE,1 Pcs included
27,AY,AY,1,719,0,LHR,CMH,TJ_MMD,CALL,01/01/2019 00:00,01/01/2050 00:00,TRUE,Faisal,AA,5746,1,LHR,LON,5,GB,09:15,T09:15:00.000+01:00,ORD,ORD,US,N,11:50,T11:50:00.000-05:00,778,0,FALSE,1 Pcs included
27,AY,AY,1,719,0,LHR,CMH,TJ_MMD,CALL,01/01/2019 00:00,01/01/2050 00:00,TRUE,Faisal,AA,6128,2,ORD,ORD,3,US,20:00,T20:00:00.000-04:00,CMH,CMH,US,N,22:18,T22:18:00.000-04:00,E75,0,FALSE,1 Pcs included
27,AY,AY,1,719,0,LHR,CMH,TJ_MMD,CALL,01/01/2019 00:00,01/01/2050 00:00,TRUE,Faisal,AA,5314,3,CMH,CMH,N,US,13:55,T13:55:00.000-04:00,CLT,CLT,US,3,15:26,T15:26:00.000-04:00,E75,0,TRUE,1 Pcs included
27,AY,AY,1,719,0,LHR,CMH,TJ_MMD,CALL,01/01/2019 00:00,01/01/2050 00:00,TRUE,Faisal,AA,5669,4,CLT,CLT,N,US,18:55,T18:55:00.000-04:00,LHR,LON,GB,3,07:00,T07:00:00.000+01:00,772,1,TRUE,1 Pcs included
26,AY,AY,1,719,0,LHR,CMH,TJ_MMD,CALL,01/01/2019 00:00,01/01/2050 00:00,TRUE,Faisal,AA,5746,1,LHR,LON,5,GB,09:15,T09:15:00.000+01:00,ORD,ORD,US,5,11:50,T11:50:00.000-05:00,778,0,FALSE,1 Pcs included
26,AY,AY,1,719,0,LHR,CMH,TJ_MMD,CALL,01/01/2019 00:00,01/01/2050 00:00,TRUE,Faisal,AA,5654,2,ORD,ORD,3,US,14:55,T14:55:00.000--04:00:00,CMH,CMH,US,N,17:13,T17:13:00.000-04:00,E75,0,FALSE,1 Pcs included
26,AY,AY,1,719,0,LHR,CMH,TJ_MMD,CALL,01/01/2019 00:00,01/01/2050 00:00,TRUE,Faisal,AA,5314,3,CMH,CMH,N,US,13:55,T13:55:00.000-04:00,CLT,CLT,US,0,15:26,T15:26:00.000-04:00,E75,0,TRUE,1 Pcs included
26,AY,AY,1,719,0,LHR,CMH,TJ_MMD,CALL,01/01/2019 00:00,01/01/2050 00:00,TRUE,Faisal,AA,5669,4,CLT,CLT,N,US,18:55,T18:55:00.000-04:00,LHR,LON,GB,3,07:00,T07:00:00.000+01:00,772,1,TRUE,1 Pcs included
25,AY,AY,1,719,0,LHR,CMH,TJ_MMD,CALL,01/01/2019 00:00,01/01/2050 00:00,TRUE,Faisal,AA,4029,1,LHR,LON,5,GB,09:15,T09:15:00.000+01:00,MIA,MIA,US,N,16:30,T16:30:00.000-05:00,77W,0,FALSE,1 Pcs included
25,AY,AY,1,719,0,LHR,CMH,TJ_MMD,CALL,01/01/2019 00:00,01/01/2050 00:00,TRUE,Faisal,AA,6620,2,MIA,MIA,3,US,14:55,T14:55:00.000--04:00:00,CMH,CMH,US,N,23:02,T23:02:00.000-04:00,E75,0,FALSE,1 Pcs included
25,AY,AY,1,719,0,LHR,CMH,TJ_MMD,CALL,01/01/2019 00:00,01/01/2050 00:00,TRUE,Faisal,AA,6241,3,CMH,CMH,N,US,13:55,T13:55:00.000-04:00,ORD,ORD,US,3,09:09,T09:09:00.000-04:00,E75,0,TRUE,1 Pcs included
25,AY,AY,1,719,0,LHR,CMH,TJ_MMD,CALL,01/01/2019 00:00,01/01/2050 00:00,TRUE,Faisal,AA,5752,4,ORD,ORD,N,US,18:55,T18:55:00.000-04:00,LHR,LON,GB,3,22:40,T22:40:00.000+01:00,772,1,TRUE,1 Pcs included
23,TP,TP,1,733,0,LHR,DSS,TJ_MMD,CALL,01/01/2019 00:00,01/01/2050 00:00,TRUE,Faisal,TRUE,1339,1,LGW,LON,2,GB,10:40,T10:40:00.000+01:00,LIS,LIS,PT,1,13:15,T13:15:00.000+00:00,320,0,FALSE,0 Pcs included
23,TP,TP,1,733,0,LHR,DSS,TJ_MMD,CALL,01/01/2019 00:00,01/01/2050 00:00,TRUE,Faisal,TRUE,1485,2,LIS,LIS,1,PT,20:55,T20:55:00.000+00:00,DSS,DSS,SN,0,01:10,T01:10:00.000+00:00,320,1,FALSE,0 Pcs included
23,TP,TP,1,733,0,LHR,DSS,TJ_MMD,CALL,01/01/2019 00:00,01/01/2050 00:00,TRUE,Faisal,TRUE,1482,3,DSS,DSS,N,SN,02:10,T02:10:00.000+00:00,LIS,LIS,PT,1,06:05,T06:05:00.000+00:00,320,0,TRUE,0 Pcs included
23,TP,TP,1,733,0,LHR,DSS,TJ_MMD,CALL,01/01/2019 00:00,01/01/2050 00:00,TRUE,Faisal,TRUE,1338,4,LIS,LIS,1,PT,07:10,T07:10:00.000+00:00,LGW,LON,GB,2,09:50,T09:50:00.000+01:00,320,0,TRUE,0 Pcs included
22,TP,TP,1,733,0,LHR,DSS,TJ_MMD,CALL,01/01/2019 00:00,01/01/2050 00:00,TRUE,Faisal,TRUE,1337,1,LGW,LON,N,GB,16:35,T16:35:00.000+01:00,LIS,LIS,PT,1,19:10,T19:10:00.000+00:00,319,0,FALSE,0 Pcs included
22,TP,TP,1,733,0,LHR,DSS,TJ_MMD,CALL,01/01/2019 00:00,01/01/2050 00:00,TRUE,Faisal,TRUE,1487,2,LIS,LIS,N,PT,09:25,T09:25:00.000+00:00,DSS,DSS,SN,0,13:40,T13:40:00.000+00:00,321,1,FALSE,0 Pcs included
22,TP,TP,1,733,0,LHR,DSS,TJ_MMD,CALL,01/01/2019 00:00,01/01/2050 00:00,TRUE,Faisal,TRUE,1482,3,DSS,DSS,N,SN,02:10,T02:10:00.000+00:00,LIS,LIS,PT,1,06:05,T06:05:00.000+00:00,321,0,TRUE,0 Pcs included
22,TP,TP,1,733,0,LHR,DSS,TJ_MMD,CALL,01/01/2019 00:00,01/01/2050 00:00,TRUE,Faisal,TRUE,1338,4,LIS,LIS,N,PT,07:10,T07:10:00.000+00:00,LGW,LON,GB,2,09:50,T09:50:00.000+01:00,321,0,TRUE,0 Pcs included
21,TP,TP,1,733,0,LHR,DSS,TJ_MMD,CALL,01/01/2019 00:00,01/01/2050 00:00,TRUE,Faisal,TRUE,1337,1,LGW,LON,2,GB,16:35,T16:35:00.000+01:00,LIS,LIS,PT,1,19:10,T19:10:00.000+00:00,320,0,FALSE,0 Pcs included
21,TP,TP,1,733,0,LHR,DSS,TJ_MMD,CALL,01/01/2019 00:00,01/01/2050 00:00,TRUE,Faisal,TRUE,1485,2,LIS,LIS,1,PT,20:55,T20:55:00.000+00:00,DSS,DSS,SN,0,01:10,T01:10:00.000+00:00,320,0,FALSE,0 Pcs included
21,TP,TP,1,733,0,LHR,DSS,TJ_MMD,CALL,01/01/2019 00:00,01/01/2050 00:00,TRUE,Faisal,TRUE,1482,3,DSS,DSS,N,SN,02:10,T02:10:00.000+00:00,LIS,LIS,PT,1,06:05,T06:05:00.000+00:00,320,0,TRUE,0 Pcs included
21,TP,TP,1,733,0,LHR,DSS,TJ_MMD,CALL,01/01/2019 00:00,01/01/2050 00:00,TRUE,Faisal,TRUE,1338,4,LIS,LIS,1,PT,07:10,T07:10:00.000+00:00,LGW,LON,GB,2,09:50,T09:50:00.000+01:00,320,0,TRUE,0 Pcs included
20,TP,TP,1,878,0,LHR,DSS,TJ_MMD,CALL,01/01/2019 00:00,01/01/2050 00:00,TRUE,Faisal,TRUE,1351,1,LHR,LON,2,GB,08:15,T08:15:00.000+01:00,LIS,LIS,PT,1,10:55,T10:55:00.000+00:00,320,0,FALSE,0 Pcs included
20,TP,TP,1,878,0,LHR,DSS,TJ_MMD,CALL,01/01/2019 00:00,01/01/2050 00:00,TRUE,Faisal,TRUE,1485,2,LIS,LIS,1,PT,20:55,T20:55:00.000+00:00,DSS,DSS,SN,0,01:10,T01:10:00.000+00:00,320,1,FALSE,0 Pcs included
20,TP,TP,1,878,0,LHR,DSS,TJ_MMD,CALL,01/01/2019 00:00,01/01/2050 00:00,TRUE,Faisal,TRUE,1486,3,DSS,DSS,N,SN,14:40,T14:40:00.000+00:00,LIS,LIS,PT,1,18:35,T18:35:00.000+00:00,320,0,TRUE,0 Pcs included
20,TP,TP,1,878,0,LHR,DSS,TJ_MMD,CALL,01/01/2019 00:00,01/01/2050 00:00,TRUE,Faisal,TRUE,1366,4,LIS,LIS,1,PT,19:55,T19:55:00.000+00:00,LHR,LON,GB,2,22:40,T22:40:00.000+01:00,320,0,TRUE,0 Pcs included
19,SN,sn,1,878,0,LHR,DSS,TJ_MMD,CALL,01/01/2019 00:00,01/01/2050 00:00,TRUE,Faisal,TRUE,2094,1,lhr,lon,2,gb,11:05,T11:05:00.000+01:00,bru,bru,be,N,13:15,T13:15:00.000+02:00,320,0,FALSE,0 Pcs included
19,SN,sn,1,878,0,LHR,DSS,TJ_MMD,CALL,01/01/2019 00:00,01/01/2050 00:00,TRUE,Faisal,TRUE,213,2,bru,bru,n,be,14:10,T14:10:00.000+02:00,DSS,DSS,SN,N,21:10,T21:10:00.000+00:00,333,0,FALSE,0 Pcs included
19,SN,sn,1,878,0,LHR,DSS,TJ_MMD,CALL,01/01/2019 00:00,01/01/2050 00:00,TRUE,Faisal,TRUE,204,3,DSS,DSS,N,SN,22:15,T22:15:00.000+00:00,bru,bru,be,N,05:05,T05:05:00.000+02:00,333,1,TRUE,0 Pcs included
19,SN,sn,1,878,0,LHR,DSS,TJ_MMD,CALL,01/01/2019 00:00,01/01/2050 00:00,TRUE,Faisal,TRUE,2093,4,bru,bru,n,be,09:40,T09:40:00.000+02:00,lhr,lon,gb,2,10:05,T10:05:00.000+01:00,320,0,TRUE,0 Pcs included
18,SN,sn,1,878,0,LHR,EBB,TJ_MMD,CALL,01/01/2019 00:00,01/01/2050 00:00,TRUE,Faisal,TRUE,2104,1,lhr,lon,2,gb,06:50,T06:50:00.000+01:00,bru,bru,be,N,08:55,T08:55:00.000+02:00,320,0,FALSE,1 Pcs included
18,SN,sn,1,878,0,LHR,EBB,TJ_MMD,CALL,01/01/2019 00:00,01/01/2050 00:00,TRUE,Faisal,TRUE,455,2,bru,bru,n,be,10:15,T10:15:00.000+02:00,ebb,ebb,ug,N,22:55,T22:55:00.000+03:00,333,0,FALSE,1 Pcs included
18,SN,sn,1,878,0,LHR,EBB,TJ_MMD,CALL,01/01/2019 00:00,01/01/2050 00:00,TRUE,Faisal,TRUE,455,3,ebb,ebb,N,ug,23:59,T23:59:00.000+03:00,bru,bru,be,N,06:30,T06:30:00.000+02:00,333,1,TRUE,1 Pcs included
18,SN,sn,1,878,0,LHR,EBB,TJ_MMD,CALL,01/01/2019 00:00,01/01/2050 00:00,TRUE,Faisal,TRUE,2095,4,bru,bru,n,be,16:55,T16:55:00.000+02:00,lhr,lon,gb,2,17:05,T17:05:00.000+01:00,320,0,TRUE,1 Pcs included
17,SN,sn,1,878,0,LHR,EBB,TJ_MMD,CALL,01/01/2019 00:00,01/01/2050 00:00,TRUE,Faisal,TRUE,2104,1,lhr,lon,2,gb,06:50,T06:50:00.000+01:00,bru,bru,be,N,08:55,T08:55:00.000+02:00,320,0,FALSE,1 Pcs included
17,SN,sn,1,878,0,LHR,EBB,TJ_MMD,CALL,01/01/2019 00:00,01/01/2050 00:00,TRUE,Faisal,TRUE,455,2,bru,bru,n,be,10:15,T10:15:00.000+02:00,ebb,ebb,ug,N,22:55,T22:55:00.000+03:00,333,0,FALSE,1 Pcs included
17,SN,sn,1,878,0,LHR,EBB,TJ_MMD,CALL,01/01/2019 00:00,01/01/2050 00:00,TRUE,Faisal,TRUE,455,3,ebb,ebb,N,ug,23:59,T23:59:00.000+03:00,bru,bru,be,N,06:30,T06:30:00.000+02:00,333,1,TRUE,1 Pcs included
17,SN,sn,1,878,0,LHR,EBB,TJ_MMD,CALL,01/01/2019 00:00,01/01/2050 00:00,TRUE,Faisal,TRUE,2093,4,bru,bru,n,be,09:40,T09:40:00.000+02:00,lhr,lon,gb,2,10:05,T10:05:00.000+01:00,320,0,TRUE,1 Pcs included
16,SN,SN,1,915,13,LHR,FNA,TJ_MMD,CALL,01/01/2019 00:00,01/01/2050 00:00,TRUE,Faisal,TRUE,2104,1,LHR,LON,2,GB,06:50,T06:50:00.000+01:00,BRU,BRU,BE,N,08:55,T08:55:00.000+02:00,320,0,FALSE,1 Pcs included
16,SN,SN,1,915,13,LHR,FNA,TJ_MMD,CALL,01/01/2019 00:00,01/01/2050 00:00,TRUE,Faisal,TRUE,241,2,BRU,BRU,N,BE,12:05,T12:05:00.000+01:00,FNA,FNA,SL,N,17:45,T17:45:00.000+0:00,333,0,FALSE,1 Pcs included
16,SN,SN,1,915,13,LHR,FNA,TJ_MMD,CALL,01/01/2019 00:00,01/01/2050 00:00,TRUE,Faisal,TRUE,241,3,FNA,FNA,N,SL,19:10,T19:10:00.000+00:00,BRU,BRU,BE,N,05:10,T05:10:00.000+01:00,333,1,TRUE,1 Pcs included
16,SN,SN,1,915,13,LHR,FNA,TJ_MMD,CALL,01/01/2019 00:00,01/01/2050 00:00,TRUE,Faisal,,2103,4,BRU,BRU,N,BE,21:10,T21:10:00.000+01:00,LHR,LON,GB,2,21:20,T21:20:00.000+01:00,320,1,TRUE,1 Pcs included
15,SN,SN,1,915,11,LHR,FNA,TJ_MMD,CALL,01/01/2019 00:00,01/01/2050 00:00,TRUE,Faisal,TRUE,2104,1,LHR,LON,2,GB,06:50,T06:50:00.000+01:00,BRU,BRU,BE,N,08:55,T08:55:00.000+02:00,320,0,FALSE,1 Pcs included
15,SN,SN,1,915,11,LHR,FNA,TJ_MMD,CALL,01/01/2019 00:00,01/01/2050 00:00,TRUE,Faisal,TRUE,241,2,BRU,BRU,N,BE,12:05,T12:05:00.000+01:00,FNA,FNA,SL,N,17:45,T17:45:00.000+0:00,333,0,FALSE,1 Pcs included
15,SN,SN,1,915,11,LHR,FNA,TJ_MMD,CALL,01/01/2019 00:00,01/01/2050 00:00,TRUE,Faisal,TRUE,241,3,FNA,FNA,N,SL,19:10,T19:10:00.000+00:00,BRU,BRU,BE,N,05:10,T05:10:00.000+01:00,333,0,TRUE,1 Pcs included
15,SN,SN,1,915,11,LHR,FNA,TJ_MMD,CALL,01/01/2019 00:00,01/01/2050 00:00,TRUE,Faisal,,2093,4,BRU,BRU,N,BE,09:40,T09:40:00.000+01:00,LHR,LON,GB,2,10:05,T10:05:00.000+01:00,320,1,TRUE,1 Pcs included
14,SN,SN,1,999,5,LHR,FIH,TJ_MMD,CALL,01/01/2019 00:00,01/01/2050 00:00,TRUE,Faisal,TRUE,2104,1,LHR,LON,2,GB,06:50,T06:50:00.000+01:00,BRU,BRU,BE,N,08:55,T08:55:00.000+02:00,320,0,FALSE,1 Pcs included
14,SN,SN,1,999,5,LHR,FIH,TJ_MMD,CALL,01/01/2019 00:00,01/01/2050 00:00,TRUE,Faisal,TRUE,359,2,BRU,BRU,N,BE,10:30,T10:30:00.000+01:00,FIH,FIH,ZR,N,21:20,T21:20:00.000+02:00,320,0,FALSE,1 Pcs included
14,SN,SN,1,999,5,LHR,FIH,TJ_MMD,CALL,01/01/2019 00:00,01/01/2050 00:00,TRUE,Faisal,TRUE,359,3,FIH,FIH,N,ZR,22:50,T22:50:00.000+01:00,BRU,BRU,BE,N,07:00,T07:00:00.000+01:00,333,0,TRUE,1 Pcs included
14,SN,SN,1,999,5,LHR,FIH,TJ_MMD,CALL,01/01/2019 00:00,01/01/2050 00:00,TRUE,Faisal,,2093,4,BRU,BRU,N,BE,09:40,T09:40:00.000+01:00,LHR,LON,GB,2,10:05,T10:05:00.000+01:00,320,1,TRUE,1 Pcs included
13,AY,AY,1,957,2,LHR,MBJ,TJ_MMD,CALL,01/01/2019 00:00,01/01/2050 00:00,TRUE,Faisal,AA,4032,1,LHR,LON,5,GB,09:35,T09:35:00.000+01:00,MIA,MIA,US,N,14:35,T14:35:00.000-04:00,380,0,FALSE,1 Pcs included
13,AY,AY,1,957,2,LHR,MBJ,TJ_MMD,CALL,01/01/2019 00:00,01/01/2050 00:00,TRUE,Faisal,AA,4406,2,MIA,MIA,N,US,17:35,T17:35:00.000--04:00:00,MBJ,MBJ,JM,N,19:18,T19:18:00.000-05:00,738,0,FALSE,1 Pcs included
13,AY,AY,1,957,2,LHR,MBJ,TJ_MMD,CALL,01/01/2019 00:00,01/01/2050 00:00,TRUE,Faisal,AA,5078,3,MBJ,MBJ,N,JM,15:49,T15:49:00.000-05:00,PHL,PHL,US,0,19:30,T19:30:00.000-05:00,321,0,TRUE,1 Pcs included
13,AY,AY,1,957,2,LHR,MBJ,TJ_MMD,CALL,01/01/2019 00:00,01/01/2050 00:00,TRUE,Faisal,AA,5667,4,PHL,PHL,N,US,22:00,T22:00:00.000-05:00,LHR,LON,GB,3,10:10,T10:10:00.000+01:00,772,1,TRUE,1 Pcs included
12,AY,AY,1,957,2,LHR,MBJ,TJ_MMD,CALL,01/01/2019 00:00,01/01/2050 00:00,TRUE,Faisal,AA,4032,1,LHR,LON,5,GB,09:35,T09:35:00.000+01:00,MIA,MIA,US,N,14:35,T14:35:00.000-04:00,380,0,FALSE,1 Pcs included
12,AY,AY,1,957,2,LHR,MBJ,TJ_MMD,CALL,01/01/2019 00:00,01/01/2050 00:00,TRUE,Faisal,AA,4406,2,MIA,MIA,N,US,17:35,T17:35:00.000--04:00:00,MBJ,MBJ,JM,N,19:18,T19:18:00.000-05:00,738,0,FALSE,1 Pcs included
12,AY,AY,1,957,2,LHR,MBJ,TJ_MMD,CALL,01/01/2019 00:00,01/01/2050 00:00,TRUE,Faisal,AA,5078,3,MBJ,MBJ,N,JM,15:49,T15:49:00.000-05:00,PHL,PHL,US,0,19:30,T19:30:00.000-05:00,321,0,TRUE,1 Pcs included
12,AY,AY,1,957,2,LHR,MBJ,TJ_MMD,CALL,01/01/2019 00:00,01/01/2050 00:00,TRUE,Faisal,AA,5667,4,PHL,PHL,N,US,22:00,T22:00:00.000-05:00,LHR,LON,GB,3,10:10,T10:10:00.000+01:00,772,1,TRUE,1 Pcs included
11,AY,AY,1,957,2,LHR,MBJ,TJ_MMD,CALL,01/01/2019 00:00,01/01/2050 00:00,TRUE,Faisal,AA,4029,1,LHR,LON,3,GB,09:35,T09:35:00.000+01:00,MIA,MIA,US,N,14:35,T14:35:00.000-04:00,380,0,FALSE,1 Pcs included
11,AY,AY,1,957,2,LHR,MBJ,TJ_MMD,CALL,01/01/2019 00:00,01/01/2050 00:00,TRUE,Faisal,AA,4406,2,MIA,MIA,N,US,17:35,T17:35:00.000--04:00:00,MBJ,MBJ,JM,N,19:18,T19:18:00.000-05:00,738,0,FALSE,1 Pcs included
11,AY,AY,1,957,2,LHR,MBJ,TJ_MMD,CALL,01/01/2019 00:00,01/01/2050 00:00,TRUE,Faisal,AA,5078,3,MBJ,MBJ,N,JM,11:58,T11:58:00.000-05:00,CLT,CLT,US,0,15:10,T15:10:00.000-04:00,321,0,TRUE,1 Pcs included
11,AY,AY,1,957,2,LHR,MBJ,TJ_MMD,CALL,01/01/2019 00:00,01/01/2050 00:00,TRUE,Faisal,AA,5667,4,CLT,CLT,N,US,17:55,T17:55:00.000-04:00,LHR,LON,GB,3,07:00,T07:00:00.000+01:00,772,1,TRUE,1 Pcs included
10,AY,AY,1,957,2,LHR,MBJ,TJ_MMD,CALL,01/01/2019 00:00,01/01/2050 00:00,TRUE,Faisal,AA,4029,1,LHR,LON,3,GB,10:35,T10:35:00.000+01:00,MIA,MIA,US,N,15:40,T15:40:00.000-04:00,77W,0,FALSE,1 Pcs included
10,AY,AY,1,957,2,LHR,MBJ,TJ_MMD,CALL,01/01/2019 00:00,01/01/2050 00:00,TRUE,Faisal,AA,4406,2,MIA,MIA,N,US,17:35,T17:35:00.000--04:00:00,MBJ,MBJ,JM,N,19:18,T19:18:00.000-05:00,738,0,FALSE,1 Pcs included
10,AY,AY,1,957,2,LHR,MBJ,TJ_MMD,CALL,01/01/2019 00:00,01/01/2050 00:00,TRUE,Faisal,AA,5078,3,MBJ,MBJ,N,JM,13:38,T13:38:00.000-05:00,CLT,CLT,US,0,16:50,T16:50:00.000-04:00,321,0,TRUE,1 Pcs included
10,AY,AY,1,957,2,LHR,MBJ,TJ_MMD,CALL,01/01/2019 00:00,01/01/2050 00:00,TRUE,Faisal,AA,5667,4,CLT,CLT,N,US,20:55,T20:55:00.000-04:00,LHR,LON,GB,3,10:00,T10:00:00.000+01:00,772,1,TRUE,1 Pcs included
9,AY,AY,1,957,2,LHR,MBJ,TJ_MMD,CALL,01/01/2019 00:00,01/01/2050 00:00,TRUE,Faisal,AA,4029,1,LHR,LON,3,GB,10:35,T10:35:00.000+01:00,MIA,MIA,US,N,15:40,T15:40:00.000-04:00,77W,0,FALSE,1 Pcs included
9,AY,AY,1,957,2,LHR,MBJ,TJ_MMD,CALL,01/01/2019 00:00,01/01/2050 00:00,TRUE,Faisal,AA,4406,2,MIA,MIA,N,US,17:35,T17:35:00.000--04:00:00,MBJ,MBJ,JM,N,19:18,T19:18:00.000-05:00,738,0,FALSE,1 Pcs included
9,AY,AY,1,957,2,LHR,MBJ,TJ_MMD,CALL,01/01/2019 00:00,01/01/2050 00:00,TRUE,Faisal,AA,5078,3,MBJ,MBJ,N,JM,15:49,T15:49:00.000-05:00,MIA,MIA,US,0,19:30,T19:30:00.000-04:00,321,0,TRUE,1 Pcs included
9,AY,AY,1,957,2,LHR,MBJ,TJ_MMD,CALL,01/01/2019 00:00,01/01/2050 00:00,TRUE,Faisal,AA,5667,4,MIA,MIA,N,US,22:00,T22:00:00.000-04:00,LHR,LON,GB,3,10:10,T10:10:00.000+01:00,772,1,TRUE,1 Pcs included
8,BA,BA,1,957,1,LHR,MBJ,TJ_MMD,CALL,01/01/2019 00:00,01/01/2050 00:00,TRUE,Faisal,AA,1528,1,LHR,LON,3,GB,10:35,T10:35:00.000+01:00,MIA,MIA,US,N,15:40,T15:40:00.000-04:00,77W,0,FALSE,1 Pcs included
8,BA,BA,1,957,1,LHR,MBJ,TJ_MMD,CALL,01/01/2019 00:00,01/01/2050 00:00,TRUE,Faisal,AA,1841,2,MIA,MIA,N,US,17:35,T17:35:00.000--04:00:00,MBJ,MBJ,JM,N,19:18,T19:18:00.000-05:00,738,0,FALSE,1 Pcs included
8,BA,BA,1,957,1,LHR,MBJ,TJ_MMD,CALL,01/01/2019 00:00,01/01/2050 00:00,TRUE,Faisal,AA,5329,3,MBJ,MBJ,N,JM,16:11,T16:11:00.000-05:00,MIA,MIA,US,0,18:00,T18:00:00.000-04:00,738,0,TRUE,1 Pcs included
8,BA,BA,1,957,1,LHR,MBJ,TJ_MMD,CALL,01/01/2019 00:00,01/01/2050 00:00,TRUE,Faisal,AA,208,4,MIA,MIA,N,US,21:25,T21:25:00.000-04:00,LHR,LON,GB,5,10:45,T10:45:00.000+01:00,388,1,TRUE,1 Pcs included
7,BA,BA,1,957,1,LHR,MBJ,TJ_MMD,CALL,01/01/2019 00:00,01/01/2050 00:00,TRUE,Faisal,AA,1841,1,LHR,LON,N,US,17:35,T17:35:00.000+01:00,MBJ,MBJ,JM,N,19:18,T19:18:00.000-05:00,738,0,FALSE,1 Pcs included
7,BA,BA,1,957,1,LHR,MBJ,TJ_MMD,CALL,01/01/2019 00:00,01/01/2050 00:00,TRUE,Faisal,AA,1841,2,MIA,MIA,N,US,17:35,T17:35:00.000--04:00:00,MBJ,MBJ,JM,N,19:18,T19:18:00.000-05:00,738,0,FALSE,1 Pcs included
7,BA,BA,1,957,1,LHR,MBJ,TJ_MMD,CALL,01/01/2019 00:00,01/01/2050 00:00,TRUE,Faisal,AA,5198,3,MBJ,MBJ,N,JM,08:36,T08:36:00.000-05:00,MIA,MIA,US,0,10:25,T10:25:00.000-04:00,738,0,TRUE,1 Pcs included
7,BA,BA,1,957,1,LHR,MBJ,TJ_MMD,CALL,01/01/2019 00:00,01/01/2050 00:00,TRUE,Faisal,AA,206,4,MIA,MIA,N,US,17:15,T17:15:00.000-04:00,LHR,LON,GB,5,06:35,T06:35:00.000+01:00,388,1,TRUE,1 Pcs included
6,AY,AY,1,1001,2,LHR,KIN,TJ_MMD,CALL,01/01/2019 00:00,01/01/2050 00:00,TRUE,Faisal,BA,5914,1,LHR,LON,5,GB,12:35,T12:35:00.000+01:00,MIA,MIA,US,N,17:35,T17:35:00.000-04:00,772,0,FALSE,1 Pcs included
6,AY,AY,1,1001,2,LHR,KIN,TJ_MMD,CALL,01/01/2019 00:00,01/01/2050 00:00,TRUE,Faisal,AA,6879,2,MIA,MIA,N,US,22:44,T22:44:00.000-04:00,KIN,KIN,US,N,00:32,T00:32:00.000-04:00,738,1,FALSE,1 Pcs included
6,AY,AY,1,1001,2,LHR,KIN,TJ_MMD,CALL,01/01/2019 00:00,01/01/2050 00:00,TRUE,Faisal,AA,4924,3,KIN,KIN,N,CA,13:58,T13:58:00.000-04:00,MIA,MIA,US,N,15:55,T15:55:00.000-04:00,738,0,TRUE,1 Pcs included
6,AY,AY,1,1001,2,LHR,KIN,TJ_MMD,CALL,01/01/2019 00:00,01/01/2050 00:00,TRUE,Faisal,BA,4093,4,MIA,MIA,N,CA,18:05,T18:05:00.000-04:00,LHR,LON,GB,3,07:45,T07:45:00.000+01:00,772,1,TRUE,1 Pcs included
5,AY,AY,1,1001,1,LHR,KIN,TJ_MMD,CALL,01/01/2019 00:00,01/01/2050 00:00,TRUE,Faisal,BA,4032,1,LHR,LON,5,GB,09:35,T09:35:00.000+01:00,MIA,MIA,US,N,14:35,T14:35:00.000-04:00,77W,0,FALSE,1 Pcs included
5,AY,AY,1,1001,1,LHR,KIN,TJ_MMD,CALL,01/01/2019 00:00,01/01/2050 00:00,TRUE,Faisal,AA,4923,2,MIA,MIA,N,US,17:35,T17:35:00.000-04:00,KIN,KIN,US,N,19:22,T19:22:00.000-04:00,738,0,FALSE,1 Pcs included
5,AY,AY,1,1001,1,LHR,KIN,TJ_MMD,CALL,01/01/2019 00:00,01/01/2050 00:00,TRUE,Faisal,AA,4924,3,KIN,KIN,N,CA,13:58,T13:58:00.000-04:00,MIA,MIA,US,N,15:55,T15:55:00.000-04:00,738,0,TRUE,1 Pcs included
5,AY,AY,1,1001,1,LHR,KIN,TJ_MMD,CALL,01/01/2019 00:00,01/01/2050 00:00,TRUE,Faisal,AA,4028,4,MIA,MIA,N,CA,19:30,T19:30:00.000-04:00,LHR,LON,GB,N,09:15,T09:15:00.000+01:00,772,3,TRUE,1 Pcs included
4,AY,AY,1,1001,1,LHR,KIN,TJ_MMD,CALL,01/01/2019 00:00,01/01/2050 00:00,TRUE,Faisal,BA,4029,1,LHR,LON,3,GB,10:35,T10:35:00.000+01:00,MIA,MIA,US,N,15:40,T15:40:00.000-04:00,77W,0,FALSE,1 Pcs included
4,AY,AY,1,1001,1,LHR,KIN,TJ_MMD,CALL,01/01/2019 00:00,01/01/2050 00:00,TRUE,Faisal,AA,4923,2,MIA,MIA,N,US,17:35,T17:35:00.000-04:00,KIN,KIN,US,N,19:22,T19:22:00.000-04:00,738,0,FALSE,1 Pcs included
4,AY,AY,1,1001,1,LHR,KIN,TJ_MMD,CALL,01/01/2019 00:00,01/01/2050 00:00,TRUE,Faisal,AA,4924,3,KIN,KIN,N,CA,13:58,T13:58:00.000-04:00,MIA,MIA,US,N,15:55,T15:55:00.000-04:00,738,0,TRUE,1 Pcs included
4,AY,AY,1,1001,1,LHR,KIN,TJ_MMD,CALL,01/01/2019 00:00,01/01/2050 00:00,TRUE,Faisal,AA,4093,4,MIA,MIA,N,CA,18:05,T18:05:00.000-04:00,LHR,LON,GB,N,07:45,T07:45:00.000+01:00,772,1,TRUE,1 Pcs included
3,AY,AY,1,1001,2,LHR,KIN,TJ_MMD,CALL,01/01/2019 00:00,01/01/2050 00:00,TRUE,Faisal,AA,4059,1,LHR,LON,3,GB,14:10,T14:10:00.000+01:00,MIA,MIA,US,N,19:15,T19:15:00.000-04:00,777,0,FALSE,1 Pcs included
3,AY,AY,1,1001,2,LHR,KIN,TJ_MMD,CALL,01/01/2019 00:00,01/01/2050 00:00,TRUE,Faisal,AA,6879,2,MIA,MIA,N,US,22:45,T22:45:00.000-04:00,KIN,KIN,JM,N,00:32,T00:32:00.000-04:00,738,1,FALSE,1 Pcs included
3,AY,AY,1,1001,2,LHR,KIN,TJ_MMD,CALL,01/01/2019 00:00,01/01/2050 00:00,TRUE,Faisal,AA,4924,3,KIN,KIN,N,JM,13:58,T13:58:00.000-04:00,MIA,MIA,US,N,15:55,T15:55:00.000-04:00,738,0,TRUE,1 Pcs included
3,AY,AY,1,1001,2,LHR,KIN,TJ_MMD,CALL,01/01/2019 00:00,01/01/2050 00:00,TRUE,Faisal,AA,4093,4,MIA,MIA,N,US,18:05,T18:05:00.000-04:00,LHR,LON,GB,3,07:45,T07:45:00.000+01:00,772,1,TRUE,1 Pcs included
2,AY,AY,1,1001,1,LHR,KIN,TJ_MMD,CALL,01/01/2019 00:00,01/01/2050 00:00,TRUE,Faisal,AA,4923,2,MIA,MIA,N,US,17:35,T17:35:00.000-04:00,KIN,KIN,JM,N,19:22,T19:22:00.000-04:00,738,0,FALSE,1 Pcs included
2,AY,AY,1,1001,1,LHR,KIN,TJ_MMD,CALL,01/01/2019 00:00,01/01/2050 00:00,TRUE,Faisal,AA,4924,3,KIN,KIN,N,JM,13:58,T13:58:00.000-04:00,MIA,MIA,US,N,15:55,T15:55:00.000-04:00,738,0,TRUE,1 Pcs included
2,AY,AY,1,1001,1,LHR,KIN,TJ_MMD,CALL,01/01/2019 00:00,01/01/2050 00:00,TRUE,Faisal,AA,4028,4,MIA,MIA,N,US,19:30,T19:30:00.000-04:00,LHR,LON,GB,3,09:15,T09:15:00.000+01:00,772,1,TRUE,1 Pcs included
1,BA,BA,1,1001,1,LHR,KIN,TJ_MMD,CALL,01/01/2019 00:00,01/01/2050 00:00,TRUE,Faisal,BA,1528,1,LHR,LON,5,GB,11:50,T11:50:00.000+01:00,MIA,MIA,US,N,16:30,T16:30:00.000-04:00,77W,0,FALSE,1 Pcs included
1,BA,BA,1,1001,1,LHR,KIN,TJ_MMD,CALL,01/01/2019 00:00,01/01/2050 00:00,TRUE,Faisal,AA,6980,2,MIA,MIA,N,US,20:15,T20:15:00.000-04:00,KIN,KIN,JM,N,20:56,T20:56:00.000-04:00,738,0,FALSE,1 Pcs included
1,BA,BA,1,1001,1,LHR,KIN,TJ_MMD,CALL,01/01/2019 00:00,01/01/2050 00:00,TRUE,Faisal,AA,5754,3,KIN,KIN,N,JM,14:51,T14:51:00.000-04:00,MIA,MIA,US,N,17:39,T17:39:00.000-04:00,738,0,TRUE,1 Pcs included
1,BA,BA,1,1001,1,LHR,KIN,TJ_MMD,CALL,01/01/2019 00:00,01/01/2050 00:00,TRUE,Faisal,BA,208,4,MIA,MIA,N,US,20:45,T20:45:00.000-04:00,LHR,LON,GB,3,10:25,T10:25:00.000+01:00,789,1,TRUE,1 Pcs included
